100001	A	81.48
100002	C	2.2
100003	D	58.36
100004	C	2.16
100005	A	69.56
100006	B	94.52
100007	C	58.36
100008	D	12.84
100009	B	58.36
100010	A	94.36
100011	D	73.04
100012	C	6.76
100013	D	58.36
100014	C	84.92
100015	A	58.36
100016	B	58.36
100017	D	20.56
100018	C	58.36
100019	D	89.56
100020	A	6.4
100021	C	58.36
100022	C	58.36
100023	B	9.32
100024	D	93.48
100025	D	16.76
100026	C	84.72
100027	A	58.36
100028	A	58.36
100029	B	23.6
100030	D	58.36
100031	C	77.6
100032	D	58.36
100033	C	23.32
100034	A	68.76
100035	B	18.92
100036	A	58.36
100037	C	7.68
100038	A	58.36
100039	A	91.28
100040	D	19.52
100041	A	9.92
100042	A	58.36
100043	A	58.36
100044	B	61.6
100045	A	2.68
100046	D	93.72
100047	B	82.24
100048	A	77.96
100049	A	97.6
100050	A	92.68
100051	D	58.36
100052	A	58.36
100053	B	81.28
100054	A	58.36
100055	A	85.2
100056	D	84.8
100057	A	99.08
100058	A	75.4
100059	D	67.92
100060	D	58.36
100061	C	58.36
100062	C	19.4
100063	C	20.08
100064	D	6.36
100065	B	97.72
100066	A	58.36
100067	A	88.12
100068	A	0.28
100069	C	80.76
100070	D	76.48
100071	D	74.12
100072	B	78.0
100073	B	78.32
100074	A	None
100075	B	84.88
100076	B	82.92
100077	D	58.36
100078	D	58.36
100079	C	92.88
100080	A	7.8
100081	A	64.72
100082	C	58.36
100083	D	58.36
100084	B	88.6
100085	A	58.36
100086	A	95.08
100087	C	6.64
100088	A	58.36
100089	D	58.36
100090	A	86.72
100091	A	58.36
100092	A	58.36
100093	D	58.36
100094	A	94.68
100095	C	67.16
100096	B	62.44
100097	A	5.72
100098	C	8.44
100099	A	17.44
100100	C	69.72
100101	A	92.56
100102	B	77.0
100103	B	4.68
100104	C	82.36
100105	A	58.36
100106	A	60.24
100107	D	58.36
100108	A	58.36
100109	B	87.96
100110	D	58.36
100111	C	79.24
100112	B	63.52
100113	B	58.36
100114	B	98.0
100115	C	68.36
100116	B	79.28
100117	A	86.44
100118	D	58.36
100119	B	94.8
100120	D	95.96
100121	C	58.36
100122	B	78.76
100123	C	58.36
100124	B	3.36
100125	A	94.16
100126	A	5.84
100127	D	67.2
100128	C	11.64
100129	C	58.36
100130	D	58.36
100131	A	58.36
100132	A	58.36
100133	A	58.36
100134	A	58.36
100135	C	79.64
100136	A	58.36
100137	D	75.76
100138	D	60.88
100139	A	86.2
100140	C	79.04
100141	D	58.36
100142	C	58.36
100143	D	12.0
100144	C	59.56
100145	B	58.36
100146	A	93.4
100147	B	97.32
100148	D	4.84
100149	A	81.16
100150	D	10.96
100151	B	21.68
100152	A	71.32
100153	D	67.84
100154	D	58.36
100155	B	58.36
100156	C	58.36
100157	D	58.36
100158	C	97.76
100159	A	98.76
100160	A	58.36
100161	C	8.36
100162	B	58.36
100163	B	14.76
100164	B	96.84
100165	B	80.24
100166	A	58.36
100167	D	62.6
100168	D	13.88
100169	A	2.44
100170	B	83.96
100171	A	99.6
100172	C	58.36
100173	B	71.12
100174	C	58.36
100175	C	89.36
100176	C	80.8
100177	B	84.64
100178	A	58.36
100179	D	92.4
100180	D	72.48
100181	A	58.36
100182	A	15.52
100183	A	58.36
100184	C	58.36
100185	D	62.2
100186	A	58.36
100187	B	59.64
100188	A	3.32
100189	C	58.36
100190	B	65.84
100191	B	85.04
100192	A	58.36
100193	A	61.28
100194	B	58.36
100195	B	58.36
100196	A	74.92
100197	D	58.36
100198	A	58.36
100199	D	82.4
100200	C	58.36
100201	A	58.36
100202	D	58.36
100203	D	80.6
100204	B	58.36
100205	D	58.36
100206	A	58.36
100207	A	63.92
100208	B	58.36
100209	C	64.4
100210	C	90.52
100211	B	20.72
100212	C	72.72
100213	B	75.0
100214	A	62.76
100215	C	16.44
100216	A	58.36
100217	A	58.36
100218	B	58.36
100219	A	99.68
100220	A	89.28
100221	B	15.88
100222	B	73.2
100223	D	73.28
100224	D	22.68
100225	C	58.36
100226	D	71.04
100227	B	68.64
100228	C	9.4
100229	D	96.12
100230	B	58.36
100231	D	7.6
100232	D	80.08
100233	C	17.76
100234	B	16.28
100235	A	8.68
100236	B	66.4
100237	A	58.36
100238	C	58.36
100239	A	7.84
100240	B	15.0
100241	B	17.92
100242	A	94.56
100243	A	58.36
100244	A	10.88
100245	B	77.92
100246	C	22.08
100247	A	58.36
100248	C	2.0
100249	B	82.12
100250	C	9.6
100251	A	59.72
100252	D	68.96
100253	B	68.88
100254	D	19.72
100255	C	92.0
100256	A	9.48
100257	B	58.36
100258	A	58.36
100259	C	76.04
100260	B	91.56
100261	C	58.36
100262	A	75.12
100263	B	7.24
100264	A	19.16
100265	A	58.36
100266	A	92.28
100267	D	59.48
100268	A	99.04
100269	A	70.72
100270	A	58.36
100271	D	16.8
100272	C	65.24
100273	D	67.56
100274	D	75.08
100275	A	92.24
100276	C	74.96
100277	C	7.4
100278	A	62.36
100279	A	58.36
100280	B	87.44
100281	B	68.2
100282	B	95.84
100283	A	58.36
100284	B	4.92
100285	A	74.32
100286	C	71.6
100287	C	59.16
100288	A	58.36
100289	D	8.48
100290	D	59.04
100291	A	61.2
100292	A	58.36
100293	B	67.04
100294	C	90.76
100295	B	14.04
100296	D	73.76
100297	B	83.68
100298	A	99.84
100299	C	90.64
100300	A	85.0
100301	B	58.36
100302	A	58.36
100303	B	13.92
100304	D	58.36
100305	A	16.64
100306	B	58.36
100307	D	7.56
100308	D	58.36
100309	B	90.16
100310	A	13.72
100311	C	5.52
100312	B	58.36
100313	D	98.84
100314	A	18.2
100315	A	58.36
100316	B	58.36
100317	A	99.88
100318	A	58.36
100319	B	58.36
100320	A	58.36
100321	D	99.72
100322	A	88.0
100323	D	62.84
100324	A	58.36
100325	D	58.36
100326	B	0.12
100327	B	67.68
100328	D	58.36
100329	A	87.64
100330	D	20.88
100331	B	58.36
100332	D	60.68
100333	B	58.36
100334	D	77.12
100335	D	2.6
100336	A	58.36
100337	A	19.92
100338	B	91.4
100339	A	10.52
100340	B	20.92
100341	B	58.36
100342	B	65.72
100343	C	78.52
100344	A	21.96
100345	C	70.64
100346	C	58.36
100347	D	10.2
100348	A	58.36
100349	D	59.12
100350	D	99.16
100351	C	63.88
100352	A	61.4
100353	B	84.36
100354	A	68.8
100355	C	14.68
100356	D	58.36
100357	D	58.36
100358	C	97.52
100359	C	3.24
100360	B	8.72
100361	B	91.48
100362	B	58.36
100363	A	58.36
100364	A	58.36
100365	B	58.36
100366	A	96.48
100367	A	58.36
100368	A	58.36
100369	D	58.36
100370	A	58.36
100371	D	7.0
100372	B	58.36
100373	C	72.36
100374	B	58.36
100375	C	87.0
100376	C	95.64
100377	D	64.68
100378	C	58.36
100379	A	98.96
100380	D	13.76
100381	D	69.32
100382	A	68.84
100383	A	83.44
100384	D	66.6
100385	A	58.36
100386	D	84.56
100387	A	70.84
100388	D	17.48
100389	A	63.48
100390	A	9.52
100391	D	58.36
100392	A	86.88
100393	C	22.32
100394	B	17.56
100395	D	88.28
100396	C	1.88
100397	D	64.28
100398	A	69.92
100399	B	58.36
100400	A	58.36
100401	A	0.6
100402	C	58.36
100403	D	94.04
100404	D	58.44
100405	D	11.56
100406	A	97.44
100407	B	62.4
100408	C	14.56
100409	A	58.36
100410	A	58.36
100411	B	81.68
100412	C	58.36
100413	A	76.4
100414	A	98.4
100415	D	58.36
100416	C	81.76
100417	A	58.36
100418	C	65.32
100419	D	95.8
100420	C	59.4
100421	C	90.24
100422	D	66.44
100423	D	4.08
100424	B	58.36
100425	B	58.36
100426	D	12.2
100427	A	22.8
100428	C	58.36
100429	A	21.76
100430	A	7.72
100431	B	90.48
100432	A	76.08
100433	C	93.04
100434	D	81.0
100435	C	17.84
100436	D	58.36
100437	A	97.68
100438	D	81.88
100439	A	58.36
100440	A	58.36
100441	C	18.04
100442	B	64.16
100443	C	58.36
100444	B	58.36
100445	A	58.36
100446	C	82.2
100447	C	58.36
100448	D	11.24
100449	D	96.28
100450	D	67.24
100451	A	75.16
100452	B	69.04
100453	A	83.08
100454	B	58.36
100455	C	58.6
100456	D	96.24
100457	D	89.2
100458	D	58.36
100459	D	58.36
100460	D	58.36
100461	B	58.36
100462	C	79.36
100463	A	14.36
100464	B	85.52
100465	D	73.84
100466	C	60.48
100467	D	85.24
100468	A	58.36
100469	B	92.72
100470	C	72.16
100471	B	58.36
100472	A	93.16
100473	C	58.36
100474	D	66.92
100475	A	13.08
100476	C	71.68
100477	C	10.24
100478	C	12.28
100479	A	2.76
100480	D	20.28
100481	C	58.36
100482	A	98.8
100483	B	58.36
100484	C	58.36
100485	C	58.36
100486	D	58.36
100487	A	88.56
100488	C	65.36
100489	A	59.96
100490	A	58.36
100491	B	78.68
100492	B	1.84
100493	D	58.36
100494	B	15.24
100495	A	18.64
100496	C	61.36
100497	C	58.36
100498	C	11.28
100499	A	91.76
100500	C	58.36
100501	D	10.8
100502	B	19.64
100503	B	8.08
100504	A	87.16
100505	D	97.12
100506	C	58.36
100507	B	58.36
100508	C	81.32
100509	A	79.68
100510	B	3.56
100511	A	58.36
100512	C	69.8
100513	D	7.32
100514	D	64.84
100515	A	58.36
100516	A	67.0
100517	D	63.36
100518	C	21.64
100519	A	58.36
100520	A	69.24
100521	A	58.36
100522	C	10.16
100523	D	70.16
100524	A	5.92
100525	A	58.36
100526	A	58.36
100527	C	93.8
100528	B	12.08
100529	B	65.28
100530	D	91.64
100531	C	71.28
100532	C	97.56
100533	A	58.36
100534	C	58.36
100535	A	11.88
100536	A	63.64
100537	B	58.36
100538	B	86.08
100539	D	12.04
100540	A	4.6
100541	A	58.36
100542	D	58.36
100543	D	58.36
100544	A	13.8
100545	A	58.36
100546	A	58.36
100547	C	83.16
100548	A	1.16
100549	C	81.36
100550	C	58.36
100551	D	58.36
100552	C	58.52
100553	A	68.04
100554	D	69.68
100555	A	58.36
100556	B	58.36
100557	C	15.32
100558	B	58.36
100559	A	5.24
100560	D	60.96
100561	D	64.88
100562	D	71.0
100563	D	2.56
100564	A	58.36
100565	A	58.36
100566	D	17.68
100567	C	73.52
100568	B	58.36
100569	A	58.36
100570	A	21.24
100571	C	88.68
100572	B	58.36
100573	D	73.32
100574	D	21.52
100575	D	58.36
100576	A	3.0
100577	D	63.76
100578	C	60.28
100579	A	58.36
100580	C	19.04
100581	B	97.64
100582	A	58.36
100583	D	90.0
100584	D	9.68
100585	C	88.44
100586	D	58.36
100587	D	74.36
100588	A	91.08
100589	A	75.52
100590	A	98.08
100591	D	80.12
100592	A	11.68
100593	B	84.48
100594	D	11.16
100595	A	58.36
100596	C	58.36
100597	A	58.36
100598	A	99.48
100599	D	14.0
100600	D	63.04
100601	A	58.36
100602	B	98.28
100603	D	58.36
100604	A	74.4
100605	C	23.12
100606	D	82.96
100607	A	92.12
100608	B	58.36
100609	B	66.56
100610	D	62.96
100611	D	58.36
100612	B	19.6
100613	A	82.8
100614	D	66.16
100615	B	70.04
100616	B	58.8
100617	C	58.36
100618	A	58.36
100619	D	65.0
100620	D	58.36
100621	B	64.6
100622	A	81.6
100623	D	67.76
100624	B	11.76
100625	D	88.48
100626	B	83.0
100627	B	72.52
100628	C	58.36
100629	B	8.92
100630	A	58.36
100631	A	58.36
100632	A	58.36
100633	D	78.44
100634	A	58.36
100635	A	70.92
100636	C	58.36
100637	A	84.08
100638	B	89.12
100639	A	58.36
100640	A	58.36
100641	D	3.8
100642	C	73.56
100643	A	58.36
100644	D	77.64
100645	A	70.12
100646	D	18.28
100647	A	90.2
100648	A	71.96
100649	C	91.12
100650	B	94.24
100651	B	17.52
100652	C	68.24
100653	B	22.24
100654	A	58.36
100655	A	21.32
100656	A	7.48
100657	C	58.36
100658	D	58.36
100659	B	64.04
100660	A	58.36
100661	A	58.36
100662	D	19.48
100663	A	58.36
100664	D	6.72
100665	C	58.36
100666	A	90.44
100667	D	83.92
100668	C	6.32
100669	B	61.64
100670	D	58.36
100671	C	71.84
100672	D	58.36
100673	B	58.36
100674	A	14.24
100675	C	99.36
100676	A	58.36
100677	A	58.36
100678	A	58.36
100679	D	58.36
100680	C	70.32
100681	D	79.56
100682	A	85.8
100683	A	18.4
100684	A	96.16
100685	C	70.8
100686	A	85.44
100687	A	81.12
100688	D	58.36
100689	C	94.4
100690	B	14.2
100691	D	58.36
100692	D	58.36
100693	B	64.56
100694	A	61.92
100695	D	2.32
100696	B	81.64
100697	A	58.36
100698	A	1.28
100699	D	61.84
100700	A	7.36
100701	C	77.4
100702	A	71.56
100703	C	82.16
100704	B	81.04
100705	B	77.16
100706	D	58.36
100707	D	58.36
100708	A	58.36
100709	A	79.52
100710	A	58.36
100711	A	7.64
100712	D	78.12
100713	B	87.68
100714	D	60.72
100715	A	58.36
100716	A	62.28
100717	C	60.04
100718	C	74.52
100719	A	58.36
100720	B	18.12
100721	A	58.36
100722	D	15.92
100723	A	94.64
100724	C	78.08
100725	C	58.36
100726	A	58.36
100727	B	12.24
100728	C	86.32
100729	D	2.52
100730	B	22.76
100731	A	58.36
100732	C	99.56
100733	A	6.52
100734	C	85.88
100735	D	9.72
100736	C	59.68
100737	A	90.08
100738	D	64.52
100739	D	17.24
100740	D	58.36
100741	B	73.36
100742	A	58.36
100743	C	58.36
100744	B	79.0
100745	D	12.68
100746	B	99.12
100747	D	58.36
100748	C	17.88
100749	A	58.36
100750	A	58.36
100751	B	58.36
100752	A	58.36
100753	A	67.52
100754	A	58.36
100755	A	80.0
100756	D	95.56
100757	D	22.72
100758	A	89.44
100759	A	58.36
100760	B	58.36
100761	B	58.36
100762	A	4.96
100763	B	69.16
100764	D	3.88
100765	A	4.16
100766	D	74.6
100767	C	67.64
100768	D	18.6
100769	D	92.48
100770	B	95.2
100771	C	82.88
100772	C	58.36
100773	D	21.08
100774	A	83.8
100775	C	58.36
100776	C	69.76
100777	D	58.36
100778	C	79.08
100779	D	73.0
100780	C	58.36
100781	C	58.36
100782	A	93.68
100783	B	58.36
100784	D	66.2
100785	A	58.36
100786	C	64.0
100787	D	11.92
100788	A	78.4
100789	A	58.36
100790	C	66.0
100791	D	58.36
100792	C	78.64
100793	B	97.84
100794	C	92.52
100795	A	84.84
100796	C	89.16
100797	A	58.36
100798	A	8.88
100799	C	58.36
100800	B	98.68
100801	A	58.36
100802	B	88.84
100803	C	7.04
100804	B	83.52
100805	D	59.52
100806	A	77.44
100807	A	58.36
100808	B	58.36
100809	C	72.84
100810	B	58.36
100811	D	87.04
100812	A	58.36
100813	C	65.88
100814	C	76.56
100815	A	58.36
100816	B	92.92
100817	B	58.36
100818	A	18.44
100819	C	10.12
100820	B	68.32
100821	B	90.92
100822	B	77.36
100823	C	98.12
100824	C	58.36
100825	C	58.36
100826	D	83.28
100827	A	61.04
100828	D	73.12
100829	D	58.36
100830	A	58.36
100831	A	58.36
100832	C	18.36
100833	D	58.36
100834	C	58.36
100835	A	96.76
100836	A	58.36
100837	B	16.0
100838	C	14.4
100839	B	58.36
100840	D	58.68
100841	A	93.64
100842	A	21.12
100843	D	58.36
100844	A	76.12
100845	C	18.68
100846	B	89.32
100847	A	58.36
100848	D	96.72
100849	D	76.16
100850	B	79.16
100851	A	58.36
100852	C	58.36
100853	A	58.36
100854	B	73.68
100855	C	77.32
100856	C	58.36
100857	D	60.08
100858	D	6.96
100859	D	58.84
100860	B	58.36
100861	D	76.96
100862	C	70.52
100863	A	5.8
100864	C	99.32
100865	A	4.76
100866	A	58.36
100867	C	58.36
100868	D	58.36
100869	A	58.36
100870	C	91.68
100871	C	69.08
100872	A	58.36
100873	C	12.6
100874	D	58.36
100875	B	58.36
100876	C	69.64
100877	D	65.56
100878	C	58.36
100879	A	64.44
100880	C	64.2
100881	D	74.08
100882	A	58.36
100883	A	58.36
100884	B	58.36
100885	B	4.24
100886	C	82.08
100887	D	63.96
100888	B	89.84
100889	A	12.12
100890	A	0.56
100891	A	82.0
100892	A	58.36
100893	A	58.36
100894	C	13.44
100895	C	21.0
100896	A	19.84
100897	C	60.52
100898	D	64.76
100899	A	58.36
100900	B	17.0
100901	A	6.16
100902	B	58.36
100903	A	58.36
100904	D	91.84
100905	C	58.36
100906	C	71.48
100907	C	0.4
100908	C	76.36
100909	C	90.72
100910	C	58.36
100911	A	94.32
100912	B	72.44
100913	B	94.2
100914	C	94.48
100915	C	10.04
100916	D	17.28
100917	C	75.32
100918	D	87.12
100919	B	7.2
100920	A	1.52
100921	A	89.6
100922	A	2.08
100923	B	10.72
100924	A	21.2
100925	A	95.28
100926	A	73.96
100927	A	58.36
100928	B	63.24
100929	C	75.72
100930	D	79.44
100931	D	61.44
100932	C	58.36
100933	C	9.76
100934	A	63.28
100935	A	79.6
100936	A	1.08
100937	C	58.4
100938	B	13.0
100939	D	13.84
100940	A	2.88
100941	C	9.12
100942	C	93.6
100943	A	58.36
100944	A	83.04
100945	A	8.8
100946	C	58.36
100947	C	76.72
100948	C	17.36
100949	A	58.36
100950	A	95.52
100951	A	92.96
100952	C	58.36
100953	C	10.44
100954	C	69.4
100955	D	64.64
100956	B	58.36
100957	A	58.36
100958	D	11.84
100959	B	58.36
100960	B	58.36
100961	D	58.36
100962	D	58.36
100963	D	58.64
100964	A	58.36
100965	A	58.36
100966	B	17.04
100967	D	58.36
100968	C	74.64
100969	C	0.96
100970	B	58.36
100971	A	1.72
100972	A	81.08
100973	D	75.8
100974	B	11.48
100975	B	98.52
100976	C	61.0
100977	A	58.36
100978	A	99.8
100979	A	6.12
100980	A	5.0
100981	C	62.56
100982	C	58.36
100983	C	58.36
100984	D	70.88
100985	A	1.64
100986	A	58.36
100987	C	81.56
100988	B	91.16
100989	D	75.24
100990	A	58.36
100991	D	83.48
100992	B	68.08
100993	B	81.24
100994	A	89.0
100995	A	66.76
100996	C	58.36
100997	D	17.16
100998	A	64.36
100999	B	82.32
101000	C	58.36
101001	C	1.0
101002	A	16.68
101003	A	58.36
101004	D	58.36
101005	A	58.36
101006	A	58.36
101007	A	1.8
101008	A	20.6
101009	C	58.36
101010	B	8.64
101011	B	58.36
101012	A	58.36
101013	A	58.36
101014	A	82.56
101015	C	58.36
101016	C	90.04
101017	D	59.76
101018	D	58.36
101019	C	69.28
101020	B	8.84
101021	D	58.36
101022	A	58.36
101023	D	58.36
101024	D	13.32
101025	A	58.36
101026	A	60.8
101027	D	58.36
101028	B	9.88
101029	A	58.36
101030	A	14.28
101031	C	58.36
101032	C	58.36
101033	A	58.36
101034	A	1.56
101035	B	82.04
101036	A	58.36
101037	B	95.32
101038	A	58.36
101039	A	58.36
101040	A	66.96
101041	A	58.36
101042	C	4.2
101043	D	93.12
101044	C	20.52
101045	C	97.36
101046	A	58.36
101047	D	4.56
101048	A	63.0
101049	D	64.24
101050	C	60.92
101051	A	58.36
101052	D	75.84
101053	D	58.36
101054	B	13.16
101055	C	58.36
101056	D	69.44
101057	C	58.36
101058	B	2.48
101059	A	99.64
101060	D	68.68
101061	D	58.36
101062	C	71.36
101063	B	85.16
101064	C	3.04
101065	C	72.08
101066	D	72.92
101067	B	22.28
101068	B	58.36
101069	A	58.36
101070	C	89.68
101071	B	83.72
101072	A	58.36
101073	A	96.08
101074	B	91.36
101075	A	21.88
101076	B	16.24
101077	A	1.04
101078	A	0.24
101079	C	78.28
101080	D	58.36
101081	D	58.36
101082	C	86.52
101083	B	86.68
101084	B	58.36
101085	A	92.8
101086	A	85.84
101087	A	86.0
101088	A	95.92
101089	D	82.72
101090	D	58.36
101091	B	4.28
101092	C	59.92
101093	B	58.36
101094	B	22.96
101095	A	76.28
101096	A	72.8
101097	A	74.04
101098	A	58.36
101099	D	97.48
101100	D	71.2
101101	D	18.24
101102	D	58.36
101103	D	15.96
101104	C	58.36
101105	D	58.36
101106	A	58.36
101107	C	5.96
101108	C	58.36
101109	D	90.8
101110	C	66.52
101111	D	58.36
101112	C	58.36
101113	A	58.36
101114	B	67.08
101115	D	76.92
101116	B	16.4
101117	D	93.2
101118	C	18.0
101119	B	69.96
101120	B	58.36
101121	D	20.8
101122	A	6.92
101123	B	62.68
101124	D	83.84
101125	B	83.6
101126	C	64.92
101127	D	58.36
101128	A	58.36
101129	B	58.76
101130	D	17.8
101131	A	58.36
101132	D	58.36
101133	D	58.36
101134	C	58.36
101135	D	58.48
101136	C	92.6
101137	A	98.04
101138	A	58.36
101139	A	98.64
101140	A	58.36
101141	A	58.36
101142	B	23.52
101143	B	58.36
101144	D	85.92
101145	B	86.36
101146	B	69.88
101147	B	85.28
101148	A	58.36
101149	C	58.36
101150	C	61.48
101151	B	2.72
101152	A	20.2
101153	D	19.36
101154	B	23.4
101155	C	9.28
101156	C	63.84
101157	C	89.8
101158	A	58.36
101159	C	71.24
101160	D	11.6
101161	D	80.64
101162	D	95.6
101163	C	3.92
101164	A	8.6
101165	C	62.52
101166	C	58.36
101167	A	58.36
101168	A	58.36
101169	B	4.48
101170	A	58.36
101171	B	58.56
101172	B	90.28
101173	A	58.36
101174	A	75.88
101175	C	66.8
101176	A	58.36
101177	A	72.56
101178	A	0.68
101179	D	58.36
101180	A	58.36
101181	D	99.28
101182	C	74.0
101183	C	14.64
101184	A	14.16
101185	C	94.96
101186	C	64.96
101187	A	58.36
101188	C	16.16
101189	B	98.48
101190	C	6.84
101191	A	58.36
101192	A	72.6
101193	C	94.28
101194	D	73.4
101195	C	7.88
101196	B	71.88
101197	A	77.24
101198	A	58.36
101199	B	5.32
101200	D	58.36
101201	B	58.36
101202	A	66.32
101203	C	61.88
101204	A	58.36
101205	A	16.84
101206	D	58.36
101207	D	78.2
101208	C	9.8
101209	B	84.96
101210	D	10.92
101211	A	58.36
101212	D	60.44
101213	C	1.76
101214	B	13.36
101215	A	58.36
101216	C	19.96
101217	C	78.6
101218	B	58.36
101219	A	61.24
101220	A	58.36
101221	C	77.56
101222	A	4.44
101223	D	80.88
101224	C	6.56
101225	A	58.36
101226	A	74.48
101227	C	4.32
101228	D	58.36
101229	C	84.16
101230	D	13.68
101231	A	58.36
101232	C	93.36
101233	C	58.36
101234	B	87.84
101235	D	7.52
101236	A	76.6
101237	C	86.12
101238	C	58.36
101239	C	88.64
101240	C	84.76
101241	D	79.4
101242	A	15.44
101243	A	58.36
101244	B	78.84
101245	D	76.32
101246	A	0.52
101247	C	58.36
101248	B	58.36
101249	A	79.76
101250	B	58.36
101251	C	58.36
101252	A	58.36
101253	B	11.04
101254	C	80.52
101255	D	58.36
101256	B	10.84
101257	C	22.92
101258	C	83.4
101259	C	58.36
101260	B	58.36
101261	B	58.36
101262	B	82.44
101263	D	58.36
101264	B	97.04
101265	A	20.16
101266	B	58.36
101267	C	58.36
101268	C	80.28
101269	B	58.36
101270	D	16.88
101271	D	15.64
101272	A	81.2
101273	A	91.32
101274	C	87.6
101275	D	58.36
101276	A	58.36
101277	D	85.6
101278	C	93.96
101279	B	58.36
101280	D	58.36
101281	C	87.08
101282	A	58.36
101283	C	58.36
101284	A	74.88
101285	C	3.52
101286	A	67.36
101287	A	1.6
101288	C	89.76
101289	D	70.48
101290	A	58.36
101291	A	14.88
101292	A	58.36
101293	B	58.36
101294	C	2.92
101295	A	85.12
101296	A	1.68
101297	B	91.72
101298	D	72.32
101299	A	58.36
101300	D	14.48
101301	B	98.6
101302	A	1.2
101303	C	58.36
101304	D	71.52
101305	D	86.04
101306	A	84.0
101307	C	74.72
101308	A	58.36
101309	D	77.88
101310	A	58.36
101311	B	88.24
101312	B	72.88
101313	B	58.36
101314	A	18.72
101315	D	71.64
101316	A	16.52
101317	C	71.8
101318	C	1.92
101319	A	58.36
101320	A	2.64
101321	A	88.32
101322	D	11.72
101323	A	58.36
101324	A	0.04
101325	B	3.44
101326	D	58.36
101327	C	58.36
101328	B	23.2
101329	A	72.96
101330	D	58.36
101331	A	58.36
101332	C	58.36
101333	A	9.0
101334	C	58.36
101335	A	58.36
101336	A	58.36
101337	B	78.96
101338	A	6.8
101339	A	58.36
101340	C	58.36
101341	D	58.36
101342	A	21.36
101343	B	58.36
101344	A	58.36
101345	D	14.08
101346	C	70.36
101347	B	71.92
101348	D	12.44
101349	A	87.76
101350	C	58.36
101351	D	58.36
101352	D	74.28
101353	D	79.88
101354	D	4.8
101355	C	70.28
101356	C	58.36
101357	D	77.8
101358	A	58.36
101359	D	87.52
101360	A	88.4
101361	A	58.36
101362	D	4.4
101363	A	58.36
101364	D	90.32
101365	D	20.64
101366	A	58.36
101367	D	58.36
101368	A	76.0
101369	B	59.28
101370	A	58.36
101371	A	98.88
101372	B	59.0
101373	A	73.6
101374	A	1.36
101375	D	88.2
101376	B	58.36
101377	D	86.8
101378	A	58.36
101379	C	18.48
101380	D	11.2
101381	D	65.48
101382	A	89.92
101383	D	8.28
101384	B	70.6
101385	A	58.36
101386	B	58.36
101387	C	58.92
101388	A	60.2
101389	C	0.8
101390	D	58.36
101391	B	58.36
101392	C	22.56
101393	C	1.4
101394	A	58.36
101395	D	58.36
101396	D	94.0
101397	B	58.36
101398	A	58.36
101399	A	58.36
101400	A	91.6
101401	B	58.36
101402	A	66.48
101403	A	58.36
101404	D	81.44
101405	C	58.36
101406	A	86.6
101407	B	12.52
101408	A	11.12
101409	C	60.76
101410	C	3.68
101411	C	58.36
101412	D	92.2
101413	B	70.08
101414	B	12.16
101415	D	84.4
101416	A	58.36
101417	A	58.36
101418	A	74.8
101419	C	15.56
101420	C	20.32
101421	B	58.36
101422	B	12.8
101423	D	58.36
101424	B	76.68
101425	B	5.04
101426	A	58.36
101427	A	16.72
101428	A	58.36
101429	A	93.24
101430	A	58.36
101431	A	58.36
101432	A	7.12
101433	B	82.64
101434	B	94.08
101435	A	58.36
101436	A	58.36
101437	A	89.04
101438	B	58.36
101439	B	23.36
101440	A	58.36
101441	C	58.36
101442	C	74.16
101443	B	15.4
101444	A	13.64
101445	D	6.08
101446	A	58.36
101447	B	79.2
101448	A	0.2
101449	B	61.08
101450	B	58.36
101451	D	62.04
101452	B	87.2
101453	B	18.16
101454	B	21.6
101455	B	58.36
101456	D	58.36
101457	C	14.32
101458	B	77.52
101459	D	91.0
101460	C	58.36
101461	D	96.6
101462	A	63.08
101463	B	23.04
101464	C	58.36
101465	C	75.68
101466	A	8.04
101467	D	65.68
101468	A	58.36
101469	C	8.32
101470	C	58.36
101471	B	58.36
101472	D	14.44
101473	D	60.84
101474	C	61.72
101475	B	19.32
101476	B	23.0
101477	A	15.48
101478	C	6.68
101479	C	58.36
101480	A	21.4
101481	D	58.36
101482	A	91.8
101483	A	6.04
101484	B	58.36
101485	B	75.48
101486	A	58.36
101487	A	58.36
101488	C	87.28
101489	A	0.88
101490	A	5.12
101491	A	86.92
101492	A	58.36
101493	B	58.36
101494	C	62.64
101495	A	9.44
101496	C	97.92
101497	A	58.36
101498	A	92.44
101499	C	58.36
101500	B	3.6
101501	A	23.28
101502	B	20.12
101503	D	85.48
101504	B	73.88
101505	C	59.36
101506	C	58.36
101507	B	96.44
101508	C	58.36
101509	A	58.36
101510	C	23.76
101511	D	60.32
101512	C	95.0
101513	A	58.36
101514	C	58.36
101515	A	81.84
101516	A	75.36
101517	A	89.48
101518	B	99.44
101519	C	6.48
101520	B	58.36
101521	C	58.36
101522	A	58.36
101523	A	58.36
101524	B	58.36
101525	C	91.44
101526	B	58.36
101527	C	14.6
101528	C	72.28
101529	D	58.36
101530	D	87.32
101531	B	58.36
101532	D	95.48
101533	A	58.36
101534	D	93.44
101535	D	58.36
101536	C	58.36
101537	A	72.76
101538	D	84.6
101539	A	58.36
101540	D	58.36
101541	D	58.36
101542	C	10.08
101543	B	58.36
101544	A	76.24
101545	A	58.36
101546	C	10.32
101547	A	58.36
101548	A	58.36
101549	D	12.32
101550	B	78.48
101551	C	58.36
101552	C	83.2
101553	A	0.64
101554	B	21.56
101555	D	67.4
101556	A	58.36
101557	A	18.96
101558	B	58.36
101559	D	58.36
101560	B	1.32
101561	C	11.0
101562	A	58.36
101563	A	96.68
101564	A	58.36
101565	B	95.72
101566	D	66.88
101567	D	15.72
101568	D	73.8
101569	C	13.6
101570	D	80.56
101571	A	58.36
101572	C	79.96
101573	D	70.68
101574	C	83.12
101575	C	63.72
101576	D	74.44
101577	C	89.64
101578	C	58.36
101579	D	58.36
101580	B	97.28
101581	B	65.16
101582	B	69.84
101583	A	58.36
101584	B	2.24
101585	A	61.52
101586	A	58.36
101587	C	58.36
101588	A	58.36
101589	C	67.48
101590	A	5.44
101591	B	5.08
101592	A	58.36
101593	C	10.64
101594	D	16.6
101595	C	3.84
101596	C	8.12
101597	C	86.4
101598	B	8.76
101599	B	72.0
101600	A	76.44
101601	A	58.36
101602	A	58.36
101603	B	60.16
101604	A	80.48
101605	A	58.36
101606	A	58.36
101607	A	58.36
101608	A	62.08
101609	D	59.24
101610	C	58.36
101611	C	73.08
101612	C	2.96
101613	B	94.72
101614	D	13.56
101615	C	77.04
101616	C	60.12
101617	D	95.36
101618	A	5.2
101619	B	58.36
101620	A	70.24
101621	B	5.28
101622	C	19.76
101623	A	58.36
101624	A	67.96
101625	D	4.88
101626	C	60.64
101627	A	8.4
101628	C	73.16
101629	A	58.36
101630	C	83.64
101631	A	92.04
101632	C	5.48
101633	B	97.16
101634	D	22.64
101635	B	82.52
101636	A	90.88
101637	A	58.36
101638	A	98.56
101639	D	62.32
101640	A	72.68
101641	B	58.36
101642	D	92.64
101643	B	66.36
101644	D	75.92
101645	B	79.8
101646	D	22.88
101647	C	20.36
101648	D	67.6
101649	B	58.36
101650	B	58.36
101651	D	58.36
101652	C	60.56
101653	D	84.28
101654	D	13.12
101655	B	67.88
101656	A	73.44
101657	D	7.76
101658	C	69.36
101659	C	80.68
101660	D	58.36
101661	D	12.64
101662	D	58.36
101663	A	58.36
101664	A	70.0
101665	A	58.36
101666	A	58.36
101667	A	23.56
101668	A	58.36
101669	C	89.96
101670	C	5.6
101671	B	58.36
101672	C	9.2
101673	B	58.36
101674	B	58.36
101675	B	97.2
101676	B	9.96
101677	D	58.36
101678	B	19.8
101679	C	5.64
101680	D	58.36
101681	D	58.36
101682	D	68.92
101683	D	98.16
101684	D	58.36
101685	C	75.6
101686	B	58.36
101687	A	58.36
101688	A	58.36
101689	C	58.36
101690	C	84.32
101691	A	58.36
101692	D	11.44
101693	D	18.8
101694	D	17.64
101695	B	58.36
101696	B	71.76
101697	B	92.32
101698	B	18.76
101699	C	86.76
101700	D	58.36
101701	A	12.88
101702	C	58.36
101703	D	84.68
101704	A	3.08
101705	B	5.68
101706	D	58.36
101707	C	70.76
101708	D	9.24
101709	A	88.92
101710	D	93.92
101711	B	94.44
101712	C	10.56
101713	C	58.36
101714	B	92.08
101715	C	85.36
101716	A	14.84
101717	D	12.92
101718	A	80.2
101719	D	7.96
101720	C	4.52
101721	B	4.36
101722	D	80.96
101723	A	21.92
101724	B	4.0
101725	D	15.2
101726	B	84.12
101727	C	14.8
101728	D	72.24
101729	D	58.36
101730	A	58.36
101731	C	58.36
101732	B	93.56
101733	A	8.16
101734	B	18.84
101735	A	58.36
101736	D	58.36
101737	D	58.36
101738	A	58.36
101739	C	58.36
101740	D	58.36
101741	C	58.36
101742	C	58.36
101743	C	58.36
101744	C	2.8
101745	D	88.8
101746	C	58.96
101747	C	7.92
101748	D	88.36
101749	D	58.36
101750	A	58.36
101751	A	76.64
101752	D	66.24
101753	C	85.76
101754	A	89.08
101755	B	58.36
101756	D	19.08
101757	D	63.6
101758	B	58.36
101759	A	58.36
101760	B	58.36
101761	D	3.96
101762	C	79.48
101763	C	73.72
101764	C	87.4
101765	A	96.56
101766	D	63.68
101767	A	85.72
101768	A	58.36
101769	D	58.36
101770	B	12.76
101771	A	58.36
101772	A	58.36
101773	B	15.36
101774	D	58.36
101775	A	58.36
101776	A	16.56
101777	D	72.64
101778	C	58.36
101779	A	58.36
101780	C	68.48
101781	A	58.36
101782	B	74.84
101783	B	58.36
101784	D	58.36
101785	B	58.36
101786	B	21.28
101787	D	17.12
101788	A	99.76
101789	B	14.96
101790	A	1.44
101791	C	18.32
101792	C	20.44
101793	C	61.32
101794	A	58.36
101795	A	58.36
101796	C	59.84
101797	D	58.36
101798	D	58.36
101799	C	20.04
101800	B	58.36
101801	B	10.28
101802	C	97.24
101803	D	58.36
101804	B	11.08
101805	C	58.36
101806	C	58.36
101807	A	7.16
101808	C	21.84
101809	C	15.68
101810	A	58.36
101811	B	13.48
101812	D	58.36
101813	D	86.48
101814	D	58.36
101815	D	88.76
101816	B	9.04
101817	B	74.24
101818	C	12.56
101819	A	87.48
101820	C	65.8
101821	B	16.36
101822	B	95.76
101823	D	98.24
101824	D	59.32
101825	A	58.36
101826	A	58.36
101827	B	58.36
101828	A	58.36
101829	A	79.12
101830	D	58.36
101831	A	11.52
101832	D	19.24
101833	A	58.36
101834	A	86.84
101835	B	61.96
101836	A	58.36
101837	A	90.36
101838	D	78.8
101839	C	88.52
101840	D	15.84
101841	C	23.72
101842	A	95.16
101843	A	58.36
101844	D	88.04
101845	C	78.72
101846	A	58.36
101847	A	58.36
101848	B	58.36
101849	A	98.92
101850	A	58.36
101851	C	19.56
101852	C	88.88
101853	C	18.88
101854	A	95.12
101855	A	2.36
101856	B	66.68
101857	C	95.44
101858	C	58.36
101859	B	72.2
101860	A	94.88
101861	D	58.36
101862	D	83.24
101863	A	63.16
101864	D	92.16
101865	A	11.32
101866	D	68.4
101867	B	73.48
101868	A	83.32
101869	B	89.52
101870	D	58.36
101871	A	58.36
101872	C	10.48
101873	B	83.56
101874	D	65.08
101875	C	75.56
101876	A	58.36
101877	A	0.16
101878	A	58.36
101879	B	86.96
101880	D	75.44
101881	B	58.36
101882	B	73.24
101883	D	88.16
101884	C	58.36
101885	A	4.64
101886	B	20.0
101887	B	58.36
101888	B	60.0
101889	D	71.44
101890	A	58.36
101891	A	58.36
101892	B	58.36
101893	C	58.36
101894	A	58.36
101895	A	11.96
101896	B	11.8
101897	A	58.36
101898	C	90.96
101899	C	58.36
101900	D	4.04
101901	B	20.24
101902	A	90.6
101903	D	58.36
101904	D	60.6
101905	C	85.64
101906	D	73.64
101907	A	58.36
101908	A	58.36
101909	B	13.4
101910	D	58.36
101911	A	99.52
101912	C	58.36
101913	D	13.28
101914	C	1.48
101915	B	58.36
101916	C	58.36
101917	A	58.36
101918	D	10.68
101919	A	7.08
101920	B	8.96
101921	C	68.44
101922	A	87.56
101923	D	13.96
101924	A	96.8
101925	A	59.2
101926	C	1.24
101927	B	70.56
101928	C	13.2
101929	A	58.36
101930	C	78.92
101931	A	58.36
101932	C	58.36
101933	A	76.84
101934	D	86.64
101935	D	60.4
101936	A	93.0
101937	D	58.36
101938	A	22.16
101939	B	15.28
101940	D	75.96
101941	A	3.76
101942	D	96.88
101943	B	19.68
101944	B	58.36
101945	A	61.12
101946	C	22.52
101947	B	59.8
101948	B	95.04
101949	D	17.96
101950	B	61.76
101951	D	77.2
101952	D	58.36
101953	D	19.88
101954	D	13.24
101955	D	88.08
101956	A	15.12
101957	D	62.92
101958	B	66.12
101959	A	58.36
101960	D	3.28
101961	C	76.52
101962	C	6.0
101963	B	71.72
101964	B	21.8
101965	C	82.6
101966	A	58.36
101967	C	58.36
101968	B	76.88
101969	A	58.36
101970	B	68.28
101971	A	58.36
101972	C	63.8
101973	D	58.36
101974	A	58.36
101975	B	65.76
101976	C	74.2
101977	B	58.72
101978	D	58.36
101979	B	82.28
101980	A	58.36
101981	D	15.76
101982	A	58.36
101983	C	15.08
101984	C	77.48
101985	B	9.56
101986	B	18.08
101987	B	99.0
101988	D	9.84
101989	D	78.24
101990	D	58.36
101991	C	61.68
101992	D	17.2
101993	A	99.4
101994	C	96.36
101995	D	63.2
101996	B	69.2
101997	A	0.72
101998	A	14.12
101999	D	58.36
102000	B	64.8
102001	B	65.52
102002	C	58.36
102003	C	95.24
102004	A	75.28
102005	C	58.36
102006	B	59.6
102007	A	58.36
102008	C	87.92
102009	A	58.36
102010	C	58.36
102011	C	58.36
102012	D	9.08
102013	A	58.36
102014	A	58.36
102015	C	22.6
102016	C	58.36
102017	B	90.56
102018	B	58.36
102019	C	74.76
102020	D	13.52
102021	A	89.4
102022	B	91.52
102023	B	80.32
102024	D	63.4
102025	A	11.4
102026	C	68.16
102027	C	58.36
102028	A	58.36
102029	C	20.48
102030	C	58.36
102031	C	97.4
102032	A	58.36
102033	B	92.84
102034	C	0.48
102035	A	5.36
102036	D	23.48
102037	A	66.84
102038	D	76.76
102039	B	5.16
102040	D	58.36
102041	A	58.36
102042	C	58.36
102043	C	70.96
102044	C	22.44
102045	B	98.2
102046	C	58.36
102047	A	58.36
102048	D	87.24
102049	A	58.36
102050	A	58.36
102051	D	16.2
102052	A	58.36
102053	B	67.32
102054	A	7.28
102055	B	82.68
102056	D	58.36
102057	A	2.84
102058	A	58.36
102059	C	19.44
102060	A	22.36
102061	A	84.24
102062	A	58.36
102063	B	58.36
102064	D	58.36
102065	D	82.48
102066	A	58.36
102067	C	72.4
102068	B	81.92
102069	A	86.56
102070	A	58.36
102071	A	58.36
102072	C	72.04
102073	B	83.88
102074	C	98.32
102075	A	65.04
102076	C	77.08
102077	A	58.36
102078	A	58.36
102079	D	59.88
102080	D	69.52
102081	D	97.0
102082	A	58.36
102083	C	58.36
102084	C	86.24
102085	A	99.96
102086	D	69.12
102087	B	64.48
102088	C	15.8
102089	B	58.36
102090	C	5.4
102091	C	58.36
102092	C	58.36
102093	B	71.08
102094	D	10.0
102095	D	58.36
102096	D	16.96
102097	D	58.36
102098	A	17.08
102099	D	70.4
102100	B	62.0
102101	A	89.88
102102	A	78.36
102103	C	14.72
102104	A	58.36
102105	A	58.36
102106	C	19.0
102107	C	85.56
102108	A	58.36
102109	D	17.6
102110	A	79.92
102111	C	58.36
102112	C	58.36
102113	A	89.24
102114	D	82.84
102115	C	77.72
102116	D	58.36
102117	D	12.72
102118	D	85.68
102119	D	14.52
102120	C	58.36
102121	D	58.36
102122	D	67.44
102123	A	19.12
102124	A	58.36
102125	D	58.36
102126	B	58.36
102127	B	58.36
102128	A	6.6
102129	B	96.0
102130	A	96.64
102131	B	17.72
102132	C	81.96
102133	C	58.36
102134	D	81.4
102135	C	19.28
102136	C	58.36
102137	A	81.52
102138	D	58.36
102139	B	22.4
102140	A	68.72
102141	A	0.76
102142	C	23.68
102143	B	58.36
102144	D	8.52
102145	C	10.4
102146	D	58.36
102147	C	58.36
102148	D	8.56
102149	A	58.36
102150	C	22.04
102151	A	58.36
102152	C	58.36
102153	D	58.36
102154	B	21.72
102155	C	79.72
102156	D	64.32
102157	A	68.52
102158	A	4.72
102159	A	10.76
102160	A	58.36
102161	C	80.44
102162	D	59.44
102163	B	58.36
102164	D	58.36
102165	A	66.08
102166	D	65.4
102167	D	67.8
102168	B	65.92
102169	D	95.68
102170	D	58.36
102171	C	89.72
102172	B	3.2
102173	C	58.36
102174	D	63.56
102175	A	58.36
102176	B	58.36
102177	A	58.36
102178	D	58.36
102179	D	83.76
102180	A	58.36
102181	D	2.4
102182	B	58.36
102183	A	58.36
102184	C	21.04
102185	A	0.92
102186	C	9.16
102187	D	58.36
102188	B	68.12
102189	D	82.76
102190	A	5.56
102191	D	58.36
102192	D	93.76
102193	A	62.72
102194	A	0.36
102195	B	58.36
102196	B	90.12
102197	A	87.8
102198	A	58.36
102199	C	85.08
102200	D	68.56
102201	D	91.04
102202	C	96.52
102203	B	75.64
102204	A	58.36
102205	B	96.92
102206	C	58.36
102207	A	58.36
102208	B	61.16
102209	C	58.36
102210	A	58.36
102211	B	62.8
102212	C	58.36
102213	B	79.84
102214	D	92.76
102215	A	58.36
102216	C	73.92
102217	A	16.32
102218	D	15.04
102219	B	58.36
102220	A	58.36
102221	C	17.32
102222	C	93.28
102223	D	98.36
102224	A	58.36
102225	B	1.12
102226	A	58.36
102227	B	20.96
102228	C	23.08
102229	B	0.08
102230	D	58.36
102231	C	65.64
102232	D	58.36
102233	B	78.88
102234	D	1.96
102235	D	58.36
102236	C	67.72
102237	B	58.36
102238	A	23.24
102239	C	64.08
102240	D	3.4
102241	D	58.36
102242	B	17.4
102243	D	18.52
102244	A	58.36
102245	C	58.36
102246	A	58.36
102247	C	66.72
102248	D	21.48
102249	A	58.36
102250	A	22.0
102251	D	97.88
102252	A	80.36
102253	C	6.24
102254	A	58.36
102255	A	78.16
102256	A	58.36
102257	D	95.88
102258	A	97.8
102259	C	20.84
102260	C	3.48
102261	A	58.36
102262	C	58.36
102263	D	75.04
102264	C	91.2
102265	D	10.6
102266	A	76.2
102267	D	58.36
102268	A	96.2
102269	A	58.36
102270	B	90.84
102271	B	76.8
102272	D	58.36
102273	A	58.36
102274	C	71.16
102275	D	0.32
102276	D	2.12
102277	C	94.76
102278	D	16.04
102279	A	77.68
102280	B	7.44
102281	D	71.4
102282	C	75.2
102283	A	58.36
102284	B	58.36
102285	A	97.96
102286	D	58.36
102287	B	84.52
102288	A	80.84
102289	B	58.36
102290	A	58.36
102291	C	9.36
102292	C	88.96
102293	B	60.36
102294	D	69.6
102295	B	58.36
102296	C	5.76
102297	D	58.36
102298	D	58.36
102299	C	6.28
102300	C	20.76
102301	B	21.16
102302	C	66.64
102303	A	92.36
102304	A	80.72
102305	C	72.12
102306	A	58.36
102307	D	58.36
102308	A	58.36
102309	C	70.2
102310	B	23.44
102311	B	62.88
102312	D	22.12
102313	A	58.36
102314	B	58.36
102315	A	58.36
102316	A	58.36
102317	B	58.36
102318	C	3.64
102319	B	58.36
102320	D	22.2
102321	C	63.12
102322	A	58.36
102323	A	58.36
102324	A	65.96
102325	B	96.32
102326	A	58.36
102327	A	58.36
102328	A	6.2
102329	B	14.92
102330	A	58.36
102331	C	63.44
102332	C	99.24
102333	B	58.36
102334	D	98.72
102335	C	2.28
102336	D	84.44
102337	D	58.36
102338	C	58.88
102339	C	6.44
102340	C	12.36
102341	A	58.36
102342	A	58.36
102343	B	8.24
102344	A	58.36
102345	C	98.44
102346	A	23.64
102347	D	74.56
102348	B	16.92
102349	B	58.36
102350	A	58.36
102351	D	84.04
102352	A	58.36
102353	D	66.28
102354	B	58.36
102355	A	58.36
102356	C	80.04
102357	B	58.36
102358	D	58.36
102359	B	68.0
102360	D	68.6
102361	D	58.36
102362	B	87.36
102363	C	58.36
102364	A	58.36
102365	C	9.64
102366	A	58.36
102367	A	8.2
102368	B	69.48
102369	C	80.4
102370	A	58.36
102371	D	58.36
102372	A	18.56
102373	A	85.32
102374	B	64.12
102375	C	58.36
102376	D	16.08
102377	C	85.4
102378	D	87.72
102379	A	81.72
102380	A	93.08
102381	C	58.36
102382	A	58.36
102383	B	99.2
102384	C	22.84
102385	D	58.36
102386	B	58.36
102387	D	21.44
102388	A	58.36
102389	C	81.8
102390	D	58.36
102391	A	22.48
102392	B	88.72
102393	A	91.24
102394	A	12.4
102395	D	62.48
102396	D	85.96
102397	D	58.36
102398	D	13.04
102399	A	65.44
102400	A	94.6
102401	D	84.2
102402	C	86.16
102403	D	97.08
102404	A	58.36
102405	C	58.36
102406	D	58.36
102407	A	58.36
102408	A	3.16
102409	C	12.96
102410	C	74.68
102411	B	23.16
102412	C	67.12
102413	C	80.16
102414	C	58.36
102415	C	20.68
102416	C	96.04
102417	B	61.56
102418	B	86.28
102419	A	58.36
102420	C	58.36
102421	C	83.36
102422	A	58.36
102423	C	91.96
102424	A	58.36
102425	C	91.92
102426	A	2.04
102427	C	6.88
102428	D	93.32
102429	A	99.92
102430	A	93.52
102431	B	62.24
102432	A	65.6
102433	B	94.92
102434	A	58.36
102435	A	63.32
102436	D	69.0
102437	A	58.36
102438	D	58.36
102439	C	58.36
102440	D	12.48
102441	B	61.8
102442	C	58.36
102443	A	15.16
102444	D	77.76
102445	A	58.36
102446	A	58.36
102447	D	11.36
102448	D	58.36
102449	C	70.44
102450	A	91.88
102451	C	15.6
102452	C	58.36
102453	A	96.96
102454	A	58.36
102455	C	79.32
102456	A	58.36
102457	A	0.84
102458	C	90.68
102459	A	20.4
102460	D	62.16
102461	D	67.28
102462	D	58.36
102463	D	66.04
102464	C	90.4
102465	A	65.12
102466	C	58.36
102467	A	94.84
102468	D	58.36
102469	A	3.12
102470	B	78.56
102471	B	93.88
102472	A	58.36
102473	A	95.4
102474	C	8.0
102475	C	16.48
102476	C	0.44
102477	D	78.04
102478	A	58.36
102479	D	87.88
102480	A	58.36
102481	B	19.2
102482	B	4.12
102483	B	77.28
102484	A	5.88
102485	B	80.92
102486	B	62.12
102487	B	58.36
102488	A	96.4
102489	A	77.84
102490	D	58.36
102491	A	94.12
102492	C	93.84
102493	D	10.36
102494	A	16.12
102495	B	59.08
102496	A	58.36
102497	B	58.36
102498	D	3.72
102499	C	58.36
102500	C	65.2
