100001	A	65.64
100002	C	21.4
100003	B	80.8
100004	C	97.76
100005	B	42.8
100006	C	60.48
100007	A	98.08
100008	B	21.4
100009	B	93.96
100010	B	50.16
100011	C	43.4
100012	C	84.64
100013	A	65.8
100014	B	54.32
100015	A	78.16
100016	B	97.4
100017	D	44.52
100018	C	21.4
100019	B	67.2
100020	B	77.92
100021	C	55.76
100022	C	21.4
100023	B	64.32
100024	D	63.92
100025	C	86.76
100026	D	41.32
100027	A	21.4
100028	C	82.32
100029	B	39.16
100030	D	87.36
100031	D	37.08
100032	C	51.72
100033	C	61.72
100034	A	40.92
100035	C	93.44
100036	A	21.4
100037	C	53.92
100038	C	21.4
100039	A	75.56
100040	D	41.84
100041	A	91.08
100042	A	21.4
100043	A	85.8
100044	B	28.16
100045	C	0.12
100046	A	74.0
100047	A	56.2
100048	D	58.0
100049	A	64.24
100050	C	52.84
100051	D	27.64
100052	A	21.4
100053	B	67.44
100054	D	21.4
100055	A	61.16
100056	D	54.96
100057	A	64.52
100058	A	33.12
100059	D	46.84
100060	D	21.4
100061	B	83.28
100062	C	40.04
100063	C	37.72
100064	D	21.4
100065	A	68.08
100066	A	21.4
100067	A	81.92
100068	C	21.4
100069	A	57.44
100070	D	44.28
100071	C	31.96
100072	B	47.56
100073	D	67.0
100074	D	90.32
100075	B	69.16
100076	A	53.0
100077	D	88.44
100078	D	28.12
100079	A	83.68
100080	A	87.44
100081	A	26.2
100082	C	21.4
100083	D	79.36
100084	D	58.8
100085	A	21.4
100086	A	91.44
100087	C	68.56
100088	A	21.4
100089	C	21.4
100090	A	43.16
100091	C	21.4
100092	A	21.4
100093	D	88.12
100094	A	72.2
100095	B	53.84
100096	B	29.4
100097	D	89.96
100098	B	67.56
100099	B	67.96
100100	C	27.72
100101	A	77.2
100102	D	41.76
100103	D	70.56
100104	C	62.8
100105	A	21.4
100106	C	60.24
100107	D	21.4
100108	B	55.88
100109	B	78.68
100110	C	49.24
100111	C	59.6
100112	B	33.4
100113	D	60.04
100114	A	90.72
100115	C	31.2
100116	C	59.8
100117	A	74.32
100118	C	50.36
100119	A	71.36
100120	D	77.72
100121	B	82.28
100122	B	36.2
100123	C	39.32
100124	C	97.84
100125	A	79.32
100126	D	89.4
100127	D	30.64
100128	C	97.44
100129	C	21.4
100130	D	96.8
100131	A	21.4
100132	B	21.4
100133	A	21.4
100134	C	21.4
100135	A	85.48
100136	A	21.4
100137	D	73.64
100138	A	80.36
100139	B	48.2
100140	C	26.8
100141	D	65.28
100142	C	21.4
100143	D	91.28
100144	C	45.44
100145	B	71.32
100146	C	38.24
100147	D	55.92
100148	B	74.12
100149	A	70.04
100150	D	21.4
100151	C	47.64
100152	A	31.32
100153	C	30.16
100154	D	21.4
100155	B	21.4
100156	B	21.4
100157	D	61.76
100158	D	63.28
100159	A	90.2
100160	A	21.4
100161	C	48.56
100162	C	21.4
100163	B	86.08
100164	B	98.04
100165	B	49.16
100166	A	21.4
100167	D	50.92
100168	D	70.0
100169	A	64.64
100170	C	27.56
100171	D	96.32
100172	C	72.8
100173	B	29.92
100174	B	87.76
100175	C	72.64
100176	D	46.32
100177	D	55.04
100178	D	21.4
100179	D	33.88
100180	D	29.28
100181	C	21.4
100182	A	62.28
100183	A	21.4
100184	C	21.4
100185	D	22.12
100186	B	21.4
100187	B	25.0
100188	A	None
100189	C	92.64
100190	B	36.96
100191	B	56.08
100192	B	91.88
100193	B	46.0
100194	B	81.8
100195	B	47.44
100196	C	29.04
100197	D	21.4
100198	A	21.4
100199	D	62.0
100200	A	21.4
100201	A	21.4
100202	B	53.04
100203	D	58.76
100204	B	61.92
100205	D	21.4
100206	A	79.52
100207	A	38.08
100208	B	21.4
100209	C	34.32
100210	D	73.16
100211	D	30.6
100212	C	47.88
100213	A	36.16
100214	A	23.08
100215	D	21.76
100216	A	21.4
100217	A	21.4
100218	C	90.8
100219	A	99.56
100220	A	39.36
100221	D	64.6
100222	B	49.36
100223	C	43.56
100224	D	21.4
100225	C	21.4
100226	D	31.8
100227	B	32.04
100228	B	55.68
100229	D	98.8
100230	B	21.4
100231	D	74.24
100232	D	34.6
100233	B	70.12
100234	B	47.32
100235	B	96.92
100236	B	31.28
100237	C	21.4
100238	C	32.28
100239	D	68.96
100240	C	76.16
100241	C	24.56
100242	C	85.4
100243	A	21.4
100244	D	59.92
100245	B	43.04
100246	C	21.92
100247	A	98.6
100248	D	93.24
100249	B	97.48
100250	C	73.12
100251	B	43.84
100252	D	38.72
100253	A	25.76
100254	D	58.4
100255	B	77.36
100256	B	45.96
100257	D	21.4
100258	C	21.4
100259	C	34.2
100260	D	70.48
100261	C	21.4
100262	A	59.36
100263	C	21.4
100264	B	71.72
100265	B	0.2
100266	A	71.24
100267	D	41.56
100268	A	95.28
100269	B	38.88
100270	D	83.48
100271	D	61.6
100272	A	29.56
100273	C	26.52
100274	B	60.56
100275	C	57.36
100276	B	51.84
100277	A	99.0
100278	A	44.16
100279	A	21.4
100280	B	52.04
100281	B	26.32
100282	A	82.24
100283	D	21.4
100284	C	98.24
100285	A	40.0
100286	B	43.48
100287	C	35.04
100288	A	66.16
100289	B	78.48
100290	D	54.4
100291	A	23.52
100292	A	21.4
100293	B	36.76
100294	A	75.36
100295	C	83.88
100296	D	74.16
100297	B	44.36
100298	A	98.32
100299	C	63.84
100300	A	44.32
100301	B	21.4
100302	A	21.4
100303	C	89.12
100304	A	21.4
100305	A	69.76
100306	B	21.4
100307	C	43.28
100308	D	77.24
100309	A	83.64
100310	B	64.16
100311	C	80.08
100312	B	21.4
100313	D	82.92
100314	A	39.0
100315	A	35.52
100316	D	93.64
100317	B	75.88
100318	B	21.4
100319	B	21.4
100320	C	21.4
100321	A	82.84
100322	A	71.08
100323	D	24.2
100324	A	21.4
100325	A	90.68
100326	C	21.4
100327	B	78.92
100328	D	64.76
100329	D	78.2
100330	D	57.56
100331	B	21.4
100332	C	32.64
100333	C	21.4
100334	D	62.96
100335	D	93.68
100336	C	21.4
100337	A	43.96
100338	C	84.32
100339	A	60.92
100340	B	37.0
100341	B	67.12
100342	C	53.6
100343	C	45.04
100344	A	56.24
100345	A	55.72
100346	D	21.4
100347	D	87.6
100348	A	21.4
100349	D	23.24
100350	D	97.16
100351	B	61.44
100352	A	22.8
100353	A	57.52
100354	A	65.52
100355	C	96.52
100356	D	21.4
100357	D	21.4
100358	C	91.64
100359	A	84.36
100360	B	68.76
100361	D	96.56
100362	B	84.48
100363	D	96.04
100364	C	89.68
100365	B	32.76
100366	C	81.52
100367	A	28.04
100368	A	21.4
100369	D	84.0
100370	A	21.4
100371	B	90.56
100372	C	31.88
100373	C	32.72
100374	B	21.4
100375	A	90.0
100376	C	73.56
100377	D	29.96
100378	C	59.16
100379	A	47.72
100380	D	69.28
100381	A	24.96
100382	A	25.56
100383	D	50.44
100384	B	28.96
100385	A	21.4
100386	D	74.92
100387	A	72.28
100388	D	60.64
100389	C	56.92
100390	A	77.88
100391	D	21.4
100392	C	61.32
100393	C	68.88
100394	B	32.36
100395	D	48.0
100396	C	21.4
100397	D	23.36
100398	D	23.4
100399	B	21.4
100400	A	21.4
100401	C	21.4
100402	A	67.32
100403	D	81.36
100404	A	34.92
100405	C	97.88
100406	A	66.44
100407	C	42.72
100408	C	39.48
100409	D	86.48
100410	A	21.4
100411	B	83.4
100412	A	81.84
100413	B	36.72
100414	D	66.72
100415	D	62.64
100416	A	55.32
100417	C	21.4
100418	C	25.28
100419	B	87.04
100420	D	30.08
100421	C	34.12
100422	D	31.52
100423	A	88.88
100424	D	37.24
100425	D	39.88
100426	C	84.12
100427	A	46.4
100428	C	21.4
100429	C	22.28
100430	D	88.48
100431	D	79.28
100432	A	33.16
100433	A	53.44
100434	D	54.2
100435	A	21.4
100436	B	71.4
100437	A	62.24
100438	A	33.52
100439	A	21.4
100440	B	91.2
100441	C	21.4
100442	B	29.32
100443	C	52.2
100444	B	87.96
100445	A	21.4
100446	A	35.12
100447	C	21.44
100448	C	56.88
100449	A	74.8
100450	A	25.32
100451	B	52.4
100452	D	41.24
100453	A	65.12
100454	D	55.28
100455	B	46.96
100456	D	88.96
100457	D	54.8
100458	D	46.52
100459	C	97.8
100460	C	21.4
100461	C	21.4
100462	D	67.88
100463	A	80.64
100464	B	33.6
100465	D	50.52
100466	C	29.0
100467	D	79.84
100468	A	21.4
100469	D	72.08
100470	C	31.76
100471	D	84.52
100472	B	58.96
100473	C	46.16
100474	A	70.64
100475	D	98.84
100476	C	23.0
100477	C	21.4
100478	D	60.4
100479	B	84.88
100480	D	22.4
100481	C	21.4
100482	A	89.48
100483	C	21.4
100484	C	55.0
100485	C	78.04
100486	D	68.68
100487	A	64.2
100488	C	47.12
100489	A	59.4
100490	B	21.4
100491	A	36.08
100492	D	59.52
100493	A	53.4
100494	D	46.72
100495	A	94.04
100496	C	23.16
100497	A	79.56
100498	D	83.04
100499	C	50.84
100500	C	21.4
100501	D	56.32
100502	D	35.68
100503	B	21.4
100504	A	76.56
100505	D	87.92
100506	C	21.4
100507	B	21.4
100508	C	70.32
100509	A	24.04
100510	B	85.08
100511	A	21.4
100512	C	33.56
100513	C	99.76
100514	A	46.88
100515	A	93.4
100516	A	38.12
100517	C	22.24
100518	C	60.28
100519	D	21.4
100520	D	24.24
100521	B	65.0
100522	C	65.24
100523	D	25.16
100524	A	85.72
100525	A	21.4
100526	D	40.08
100527	A	65.32
100528	C	21.4
100529	A	24.0
100530	A	67.84
100531	C	45.64
100532	A	98.12
100533	A	21.4
100534	C	21.4
100535	A	70.4
100536	C	70.96
100537	D	89.16
100538	C	33.68
100539	D	68.8
100540	B	21.4
100541	B	21.4
100542	D	21.4
100543	D	86.32
100544	A	86.88
100545	A	99.28
100546	B	86.16
100547	C	44.64
100548	D	21.4
100549	C	54.72
100550	A	90.16
100551	D	21.4
100552	B	91.8
100553	A	63.36
100554	C	28.56
100555	A	21.4
100556	C	21.4
100557	C	61.2
100558	B	77.08
100559	D	84.6
100560	D	56.4
100561	D	42.08
100562	D	50.6
100563	A	68.92
100564	B	65.04
100565	A	21.4
100566	C	74.52
100567	C	71.56
100568	D	82.36
100569	A	21.4
100570	A	21.56
100571	C	69.0
100572	B	90.44
100573	D	41.28
100574	D	29.8
100575	C	86.92
100576	B	99.08
100577	B	25.68
100578	B	59.44
100579	D	89.92
100580	C	48.44
100581	A	97.6
100582	A	21.4
100583	C	41.72
100584	B	56.76
100585	B	34.68
100586	B	78.12
100587	C	53.72
100588	A	46.48
100589	A	37.64
100590	D	76.4
100591	D	66.6
100592	A	97.32
100593	B	73.0
100594	C	81.32
100595	C	85.96
100596	B	21.4
100597	C	21.4
100598	C	96.6
100599	C	45.6
100600	D	26.08
100601	C	21.4
100602	B	59.0
100603	D	21.4
100604	A	55.6
100605	C	35.0
100606	A	47.84
100607	C	83.12
100608	D	66.36
100609	C	27.28
100610	D	44.72
100611	C	86.36
100612	B	87.8
100613	A	59.04
100614	D	33.44
100615	B	38.84
100616	B	21.72
100617	B	84.4
100618	D	77.6
100619	D	29.6
100620	A	21.4
100621	A	32.52
100622	D	34.64
100623	C	22.96
100624	D	34.56
100625	B	47.04
100626	B	39.44
100627	B	26.76
100628	C	79.96
100629	D	21.4
100630	A	21.4
100631	C	92.48
100632	D	93.0
100633	D	28.76
100634	A	21.4
100635	A	24.64
100636	C	21.4
100637	C	41.52
100638	C	64.8
100639	B	57.12
100640	A	21.4
100641	A	35.16
100642	C	27.16
100643	C	83.0
100644	D	66.04
100645	D	23.68
100646	D	74.72
100647	C	72.96
100648	A	80.44
100649	C	79.44
100650	B	96.2
100651	B	78.4
100652	C	37.48
100653	D	66.32
100654	C	21.4
100655	D	31.04
100656	C	38.2
100657	C	63.56
100658	A	21.4
100659	B	69.24
100660	D	80.28
100661	A	70.76
100662	D	23.88
100663	A	73.88
100664	D	72.92
100665	C	21.4
100666	A	63.72
100667	C	32.32
100668	C	86.4
100669	A	22.56
100670	D	92.72
100671	D	42.12
100672	A	79.72
100673	B	21.4
100674	A	55.56
100675	A	94.84
100676	A	21.4
100677	D	32.4
100678	D	69.68
100679	B	21.4
100680	C	37.92
100681	B	85.16
100682	C	73.2
100683	C	72.0
100684	C	62.6
100685	C	28.72
100686	A	53.32
100687	D	38.44
100688	A	75.28
100689	A	81.88
100690	A	78.64
100691	C	21.4
100692	D	21.4
100693	B	51.44
100694	B	57.76
100695	C	85.28
100696	B	54.56
100697	A	21.4
100698	B	21.4
100699	A	30.04
100700	A	96.88
100701	C	51.4
100702	B	48.88
100703	C	47.6
100704	B	90.12
100705	D	43.72
100706	D	45.72
100707	D	95.84
100708	A	21.4
100709	A	51.68
100710	D	21.4
100711	B	40.36
100712	D	51.2
100713	B	97.04
100714	D	28.0
100715	A	21.4
100716	A	60.12
100717	C	22.84
100718	C	44.2
100719	A	21.4
100720	B	21.64
100721	D	21.4
100722	D	53.76
100723	A	67.24
100724	B	62.16
100725	B	21.4
100726	A	88.28
100727	B	92.32
100728	A	64.4
100729	D	91.32
100730	C	38.32
100731	D	99.52
100732	B	99.88
100733	A	80.0
100734	D	51.04
100735	C	89.28
100736	C	51.16
100737	A	90.76
100738	D	29.68
100739	D	52.8
100740	A	21.4
100741	A	39.52
100742	C	21.4
100743	A	79.04
100744	B	31.4
100745	B	99.92
100746	D	83.6
100747	D	21.4
100748	C	66.92
100749	A	21.4
100750	A	21.4
100751	B	83.92
100752	C	95.4
100753	A	36.12
100754	A	21.4
100755	D	32.6
100756	B	34.8
100757	D	22.6
100758	D	90.92
100759	A	21.4
100760	C	21.4
100761	B	21.4
100762	B	21.4
100763	B	22.36
100764	A	65.4
100765	B	21.4
100766	D	44.92
100767	D	39.68
100768	D	74.84
100769	D	61.96
100770	B	98.44
100771	A	49.92
100772	C	21.4
100773	D	57.4
100774	B	39.4
100775	B	21.4
100776	C	38.64
100777	D	97.52
100778	C	23.28
100779	D	44.08
100780	C	21.4
100781	B	21.4
100782	A	79.76
100783	A	80.6
100784	D	40.16
100785	B	21.4
100786	D	67.76
100787	C	69.36
100788	A	45.48
100789	D	90.52
100790	C	36.24
100791	D	21.4
100792	C	33.84
100793	B	93.04
100794	C	47.36
100795	A	76.48
100796	B	53.64
100797	B	91.24
100798	D	66.96
100799	C	60.88
100800	B	87.16
100801	D	88.76
100802	B	59.2
100803	C	72.24
100804	B	88.64
100805	D	31.68
100806	B	56.64
100807	C	21.4
100808	A	75.8
100809	C	40.64
100810	B	92.28
100811	D	86.52
100812	C	21.4
100813	C	31.84
100814	C	41.88
100815	D	21.4
100816	B	73.84
100817	D	63.4
100818	A	72.56
100819	C	75.4
100820	B	30.28
100821	B	59.96
100822	B	50.12
100823	C	66.2
100824	C	21.4
100825	B	56.04
100826	D	56.44
100827	B	27.36
100828	D	45.8
100829	D	21.4
100830	A	91.36
100831	D	21.4
100832	B	74.88
100833	D	21.4
100834	C	21.4
100835	B	92.04
100836	C	91.72
100837	B	80.96
100838	C	37.84
100839	D	78.76
100840	B	76.88
100841	D	80.56
100842	C	88.68
100843	D	21.4
100844	B	33.24
100845	C	32.56
100846	D	52.92
100847	A	21.4
100848	D	80.88
100849	B	48.48
100850	B	59.08
100851	A	71.16
100852	C	21.4
100853	A	21.4
100854	B	36.36
100855	C	48.52
100856	C	64.72
100857	C	30.24
100858	D	55.52
100859	D	45.32
100860	C	37.88
100861	D	34.08
100862	B	25.4
100863	C	77.32
100864	C	88.04
100865	B	21.4
100866	A	21.4
100867	A	92.84
100868	C	21.4
100869	A	22.2
100870	C	99.12
100871	C	37.28
100872	A	21.4
100873	C	93.48
100874	D	21.4
100875	B	96.64
100876	C	71.96
100877	D	42.4
100878	B	92.96
100879	C	45.2
100880	D	27.2
100881	D	48.8
100882	A	21.4
100883	C	74.76
100884	B	21.4
100885	C	21.4
100886	D	60.36
100887	D	26.88
100888	A	67.08
100889	B	63.08
100890	B	21.4
100891	D	80.16
100892	A	41.2
100893	D	21.4
100894	C	21.4
100895	C	79.92
100896	D	50.32
100897	B	42.76
100898	D	58.56
100899	A	96.72
100900	C	25.44
100901	A	99.36
100902	B	26.72
100903	B	98.28
100904	A	92.6
100905	B	21.4
100906	C	51.48
100907	C	86.64
100908	D	49.8
100909	B	57.64
100910	D	36.48
100911	A	88.8
100912	D	74.68
100913	D	81.64
100914	C	81.16
100915	A	59.76
100916	D	40.96
100917	B	36.6
100918	B	31.12
100919	C	80.2
100920	B	21.4
100921	C	58.84
100922	D	94.12
100923	B	75.64
100924	A	52.68
100925	D	75.04
100926	A	44.44
100927	A	21.4
100928	B	43.68
100929	C	81.72
100930	D	26.44
100931	D	31.36
100932	C	21.4
100933	C	73.08
100934	A	30.96
100935	A	65.76
100936	A	62.88
100937	C	30.72
100938	A	52.6
100939	D	41.8
100940	A	95.24
100941	C	98.56
100942	C	59.28
100943	A	21.4
100944	A	70.24
100945	D	92.56
100946	B	68.32
100947	C	26.48
100948	D	35.76
100949	A	21.4
100950	C	68.44
100951	A	61.68
100952	C	61.8
100953	D	85.0
100954	C	35.56
100955	D	35.8
100956	B	93.08
100957	B	21.4
100958	A	21.4
100959	B	21.4
100960	C	44.84
100961	D	27.76
100962	D	21.4
100963	D	34.72
100964	C	21.4
100965	A	21.4
100966	B	75.32
100967	C	21.4
100968	B	48.96
100969	C	99.68
100970	C	69.64
100971	B	89.0
100972	A	49.0
100973	D	41.4
100974	C	57.32
100975	D	79.2
100976	C	24.08
100977	A	21.4
100978	B	69.92
100979	C	77.12
100980	C	70.28
100981	A	28.28
100982	C	66.76
100983	C	21.4
100984	D	34.0
100985	D	68.24
100986	A	21.4
100987	B	53.08
100988	D	54.64
100989	D	47.68
100990	A	21.4
100991	D	69.88
100992	B	21.96
100993	C	39.28
100994	A	71.04
100995	A	61.4
100996	C	21.4
100997	B	26.68
100998	C	41.08
100999	A	43.12
101000	D	77.44
101001	C	21.4
101002	A	80.68
101003	D	88.56
101004	D	42.52
101005	C	21.4
101006	A	70.68
101007	D	21.4
101008	D	89.6
101009	C	80.48
101010	B	51.36
101011	D	72.36
101012	A	21.4
101013	B	21.4
101014	B	54.48
101015	B	87.28
101016	D	72.12
101017	D	35.92
101018	C	64.92
101019	A	46.56
101020	B	98.36
101021	A	75.76
101022	A	81.96
101023	D	21.4
101024	D	94.4
101025	C	21.4
101026	B	25.08
101027	D	83.36
101028	B	61.88
101029	D	84.44
101030	A	56.96
101031	D	42.28
101032	A	21.4
101033	B	21.4
101034	D	21.4
101035	D	51.56
101036	C	96.44
101037	B	95.64
101038	A	21.4
101039	D	54.12
101040	C	38.36
101041	A	21.4
101042	A	93.16
101043	D	93.52
101044	A	23.44
101045	B	93.8
101046	A	21.4
101047	B	94.36
101048	D	27.88
101049	D	37.32
101050	C	49.44
101051	A	21.4
101052	C	42.88
101053	D	21.4
101054	D	86.28
101055	C	21.4
101056	D	36.68
101057	B	21.4
101058	D	92.24
101059	C	95.44
101060	D	25.36
101061	C	69.52
101062	C	39.8
101063	B	72.16
101064	C	64.48
101065	C	32.08
101066	D	69.84
101067	C	21.4
101068	C	59.68
101069	A	21.4
101070	C	45.4
101071	A	62.36
101072	C	81.6
101073	D	96.24
101074	B	79.6
101075	A	93.28
101076	D	55.2
101077	B	82.52
101078	B	49.32
101079	C	31.56
101080	D	21.4
101081	C	68.16
101082	C	26.04
101083	C	74.64
101084	B	81.12
101085	A	62.32
101086	C	46.76
101087	A	37.56
101088	A	88.24
101089	C	97.28
101090	D	74.6
101091	B	87.12
101092	C	34.4
101093	B	21.4
101094	B	33.28
101095	C	28.08
101096	A	38.56
101097	B	44.56
101098	B	21.4
101099	A	64.68
101100	D	41.16
101101	D	29.64
101102	C	21.4
101103	D	92.92
101104	B	21.4
101105	B	92.12
101106	A	82.0
101107	C	84.2
101108	B	21.4
101109	B	76.72
101110	C	57.8
101111	D	47.8
101112	B	55.64
101113	A	45.56
101114	B	27.68
101115	D	44.8
101116	D	65.72
101117	D	79.08
101118	B	23.2
101119	C	38.96
101120	A	78.84
101121	B	77.16
101122	D	94.32
101123	D	28.32
101124	D	63.8
101125	A	63.16
101126	A	32.8
101127	C	55.44
101128	A	61.84
101129	D	36.92
101130	B	25.64
101131	A	21.4
101132	D	76.36
101133	A	87.32
101134	C	97.08
101135	D	40.68
101136	B	43.64
101137	B	96.08
101138	B	21.4
101139	C	69.12
101140	A	21.4
101141	C	54.16
101142	B	61.28
101143	B	73.72
101144	D	68.48
101145	C	42.96
101146	B	69.48
101147	A	52.36
101148	A	21.4
101149	C	92.2
101150	C	25.24
101151	C	87.72
101152	B	25.72
101153	C	32.96
101154	A	35.84
101155	D	67.6
101156	C	28.44
101157	C	57.48
101158	A	21.4
101159	C	34.28
101160	D	58.28
101161	A	38.16
101162	D	42.64
101163	C	76.8
101164	A	95.96
101165	C	56.12
101166	C	76.52
101167	A	21.4
101168	B	21.4
101169	C	21.4
101170	A	95.68
101171	B	39.6
101172	A	56.48
101173	A	21.4
101174	A	52.52
101175	A	26.24
101176	B	79.88
101177	A	37.12
101178	A	88.08
101179	D	21.4
101180	A	21.4
101181	C	73.76
101182	C	34.16
101183	A	77.0
101184	D	61.12
101185	C	64.28
101186	D	24.16
101187	A	79.8
101188	C	98.48
101189	D	48.72
101190	C	70.8
101191	A	21.4
101192	A	44.4
101193	C	58.44
101194	D	55.96
101195	D	61.56
101196	B	35.4
101197	A	37.4
101198	A	21.4
101199	B	21.4
101200	C	98.92
101201	B	65.08
101202	A	25.48
101203	D	47.52
101204	A	47.16
101205	B	93.32
101206	D	21.4
101207	D	65.68
101208	C	35.2
101209	B	58.12
101210	C	91.04
101211	C	21.4
101212	D	22.04
101213	D	95.0
101214	B	60.2
101215	C	21.4
101216	C	28.2
101217	D	53.28
101218	B	21.4
101219	A	42.2
101220	A	45.36
101221	D	73.68
101222	A	21.4
101223	D	47.24
101224	D	75.48
101225	A	21.4
101226	B	34.52
101227	D	71.8
101228	D	21.4
101229	C	70.44
101230	B	92.68
101231	B	21.4
101232	D	79.24
101233	C	58.72
101234	A	39.04
101235	C	83.72
101236	A	41.44
101237	D	56.0
101238	B	56.84
101239	D	66.12
101240	C	50.08
101241	C	49.04
101242	A	21.4
101243	B	21.4
101244	B	44.76
101245	B	28.84
101246	B	21.4
101247	D	73.96
101248	B	98.76
101249	A	62.08
101250	B	21.4
101251	A	87.64
101252	A	21.4
101253	D	42.36
101254	A	63.76
101255	D	27.0
101256	D	73.48
101257	C	30.0
101258	C	56.52
101259	C	21.4
101260	B	91.56
101261	B	21.4
101262	B	64.56
101263	D	21.4
101264	B	94.24
101265	A	21.84
101266	B	21.4
101267	A	21.4
101268	D	76.96
101269	B	74.36
101270	D	22.88
101271	C	42.32
101272	A	46.64
101273	A	69.2
101274	D	32.0
101275	D	83.44
101276	B	21.4
101277	D	56.56
101278	D	68.6
101279	C	94.96
101280	D	80.4
101281	D	75.16
101282	D	21.4
101283	D	21.4
101284	C	27.48
101285	A	21.4
101286	D	71.88
101287	B	32.68
101288	C	79.64
101289	D	35.24
101290	D	21.4
101291	A	52.96
101292	A	21.4
101293	B	73.24
101294	C	97.24
101295	B	60.8
101296	B	92.16
101297	C	76.68
101298	D	52.48
101299	A	82.96
101300	D	65.16
101301	B	88.92
101302	C	99.04
101303	B	24.84
101304	C	36.04
101305	B	26.56
101306	C	59.88
101307	C	38.6
101308	D	74.2
101309	D	42.16
101310	D	85.64
101311	B	58.08
101312	B	35.88
101313	B	86.68
101314	A	50.8
101315	C	34.76
101316	A	91.16
101317	C	34.24
101318	C	91.0
101319	A	21.4
101320	A	21.4
101321	A	90.28
101322	B	46.92
101323	A	85.2
101324	D	65.6
101325	C	49.08
101326	D	97.72
101327	C	21.4
101328	B	66.84
101329	A	64.04
101330	D	22.92
101331	D	92.88
101332	C	61.08
101333	A	78.28
101334	B	94.76
101335	A	21.4
101336	A	45.84
101337	B	49.56
101338	A	82.12
101339	C	21.4
101340	C	21.4
101341	D	21.4
101342	D	58.32
101343	B	21.4
101344	A	56.36
101345	D	94.88
101346	C	40.8
101347	D	43.2
101348	D	53.88
101349	D	55.08
101350	A	21.4
101351	C	81.0
101352	D	33.08
101353	D	41.0
101354	D	81.2
101355	C	33.2
101356	B	55.4
101357	D	52.32
101358	A	21.4
101359	B	60.32
101360	B	36.32
101361	A	58.88
101362	A	76.6
101363	A	21.4
101364	D	65.96
101365	A	75.0
101366	A	21.4
101367	D	89.24
101368	A	36.64
101369	B	53.16
101370	B	21.4
101371	C	68.2
101372	C	52.0
101373	D	60.0
101374	C	21.4
101375	C	67.16
101376	B	21.4
101377	D	34.84
101378	D	37.68
101379	C	56.72
101380	D	96.36
101381	D	22.76
101382	A	83.96
101383	C	54.92
101384	C	47.0
101385	A	21.4
101386	B	75.68
101387	D	27.96
101388	A	26.16
101389	B	47.96
101390	D	95.92
101391	B	81.28
101392	B	44.88
101393	C	21.4
101394	B	52.76
101395	D	21.4
101396	C	51.08
101397	B	51.28
101398	A	21.4
101399	A	21.4
101400	C	81.48
101401	D	21.4
101402	A	71.68
101403	A	21.4
101404	A	89.84
101405	C	21.4
101406	D	58.6
101407	B	78.88
101408	C	76.04
101409	A	82.16
101410	A	66.52
101411	C	21.4
101412	D	61.64
101413	B	26.12
101414	B	66.48
101415	C	50.64
101416	A	21.4
101417	C	21.4
101418	A	53.36
101419	A	98.4
101420	A	82.48
101421	D	45.88
101422	B	51.96
101423	A	85.24
101424	B	42.24
101425	B	21.4
101426	B	21.4
101427	B	46.28
101428	A	93.12
101429	D	49.64
101430	B	99.96
101431	B	21.4
101432	A	94.2
101433	B	30.52
101434	A	51.0
101435	A	21.4
101436	A	98.88
101437	B	69.56
101438	B	57.2
101439	B	62.72
101440	C	21.4
101441	C	21.4
101442	D	31.08
101443	B	24.28
101444	B	74.96
101445	C	74.4
101446	B	21.4
101447	B	58.04
101448	A	21.4
101449	B	27.84
101450	C	94.6
101451	B	25.88
101452	B	37.04
101453	B	67.28
101454	B	45.12
101455	A	21.4
101456	D	85.04
101457	C	75.96
101458	D	29.2
101459	D	52.16
101460	D	29.36
101461	A	94.64
101462	A	27.44
101463	D	94.68
101464	C	21.4
101465	C	53.12
101466	A	90.96
101467	D	30.36
101468	D	97.0
101469	A	88.2
101470	C	99.64
101471	B	44.48
101472	D	90.24
101473	D	27.92
101474	C	23.48
101475	D	60.6
101476	B	59.48
101477	D	49.52
101478	D	86.0
101479	D	64.88
101480	A	38.28
101481	C	21.4
101482	A	58.48
101483	A	89.56
101484	B	21.4
101485	B	35.72
101486	B	99.16
101487	D	59.64
101488	C	56.6
101489	A	77.96
101490	A	0.04
101491	A	62.04
101492	A	21.4
101493	C	90.64
101494	C	24.68
101495	A	77.68
101496	A	65.44
101497	B	21.4
101498	A	31.16
101499	C	73.44
101500	A	99.48
101501	A	23.76
101502	B	69.44
101503	D	46.2
101504	A	53.48
101505	C	40.32
101506	C	21.4
101507	C	76.84
101508	C	21.4
101509	A	76.32
101510	B	51.12
101511	D	23.04
101512	C	82.68
101513	A	21.4
101514	C	21.4
101515	B	30.12
101516	A	62.56
101517	A	81.76
101518	B	98.52
101519	B	99.4
101520	B	41.36
101521	C	35.64
101522	A	41.12
101523	A	21.4
101524	D	47.08
101525	C	88.84
101526	B	21.4
101527	A	82.8
101528	A	42.44
101529	D	21.4
101530	D	36.4
101531	B	21.4
101532	D	63.52
101533	A	21.4
101534	D	77.8
101535	A	21.4
101536	C	21.4
101537	C	68.12
101538	D	53.2
101539	D	63.48
101540	D	21.4
101541	B	63.12
101542	C	72.32
101543	D	21.4
101544	A	28.24
101545	A	21.4
101546	C	98.16
101547	C	77.28
101548	D	21.4
101549	D	21.48
101550	B	29.52
101551	C	21.4
101552	A	65.92
101553	B	21.4
101554	B	23.8
101555	D	29.16
101556	C	76.76
101557	A	39.92
101558	B	56.68
101559	A	86.72
101560	B	95.48
101561	C	21.4
101562	B	21.4
101563	D	82.64
101564	C	21.4
101565	B	90.04
101566	D	79.68
101567	D	93.92
101568	D	57.84
101569	C	63.6
101570	D	45.92
101571	D	95.76
101572	C	76.12
101573	D	50.24
101574	D	49.2
101575	C	22.72
101576	D	30.76
101577	C	55.48
101578	B	21.4
101579	D	62.92
101580	B	97.64
101581	D	22.44
101582	B	37.16
101583	A	21.4
101584	D	50.68
101585	A	44.0
101586	A	85.44
101587	A	85.52
101588	B	21.4
101589	C	32.44
101590	B	85.56
101591	C	99.6
101592	D	21.4
101593	A	87.24
101594	B	63.96
101595	B	98.72
101596	A	21.4
101597	D	52.64
101598	D	96.16
101599	C	33.32
101600	C	31.72
101601	A	21.4
101602	A	21.4
101603	B	21.6
101604	D	37.76
101605	A	21.4
101606	A	42.0
101607	A	21.4
101608	A	40.6
101609	A	30.32
101610	B	77.76
101611	C	54.6
101612	A	88.0
101613	B	78.44
101614	D	84.68
101615	C	68.52
101616	C	25.92
101617	D	72.72
101618	D	65.88
101619	D	88.32
101620	B	51.76
101621	B	75.24
101622	C	40.44
101623	C	21.4
101624	A	26.36
101625	A	80.04
101626	C	30.4
101627	C	83.32
101628	C	60.68
101629	A	21.4
101630	C	59.84
101631	A	73.04
101632	B	58.64
101633	D	91.48
101634	D	22.0
101635	B	36.56
101636	A	68.64
101637	A	21.4
101638	D	56.28
101639	A	21.52
101640	C	41.92
101641	B	83.76
101642	D	80.84
101643	C	62.44
101644	D	40.2
101645	B	60.08
101646	D	37.8
101647	C	33.36
101648	C	29.84
101649	B	26.64
101650	B	21.4
101651	B	82.76
101652	C	54.76
101653	B	40.4
101654	B	64.36
101655	B	57.0
101656	B	36.0
101657	C	46.36
101658	B	26.96
101659	D	52.08
101660	D	21.4
101661	D	87.52
101662	A	64.0
101663	A	21.4
101664	A	62.4
101665	A	21.4
101666	A	21.4
101667	C	34.36
101668	A	21.4
101669	D	79.16
101670	C	86.24
101671	C	21.4
101672	A	93.2
101673	B	21.4
101674	B	21.4
101675	A	82.2
101676	A	88.6
101677	C	95.72
101678	B	31.48
101679	D	99.72
101680	D	21.4
101681	D	21.4
101682	D	46.44
101683	C	57.16
101684	D	21.4
101685	C	72.6
101686	B	73.28
101687	A	21.4
101688	A	21.4
101689	C	71.6
101690	C	66.68
101691	A	21.4
101692	C	98.96
101693	D	28.36
101694	D	74.28
101695	C	67.48
101696	D	28.4
101697	B	88.4
101698	B	85.32
101699	D	55.36
101700	D	21.4
101701	A	47.76
101702	C	80.92
101703	C	84.24
101704	B	97.92
101705	A	71.48
101706	B	62.76
101707	C	31.24
101708	D	63.32
101709	B	66.8
101710	C	66.88
101711	B	84.16
101712	C	91.4
101713	A	21.4
101714	D	97.96
101715	A	62.52
101716	A	46.8
101717	D	65.56
101718	A	42.48
101719	C	21.68
101720	C	71.0
101721	C	95.8
101722	D	75.84
101723	A	50.28
101724	A	72.44
101725	B	78.24
101726	C	48.4
101727	A	56.16
101728	A	61.52
101729	B	21.4
101730	B	90.48
101731	B	90.84
101732	D	27.12
101733	C	35.36
101734	C	63.44
101735	A	21.4
101736	D	21.4
101737	D	21.4
101738	A	65.2
101739	D	88.36
101740	D	86.84
101741	C	63.2
101742	C	33.48
101743	C	21.4
101744	B	50.4
101745	C	44.24
101746	A	38.52
101747	B	68.0
101748	B	88.72
101749	D	83.24
101750	A	21.4
101751	A	55.84
101752	D	35.96
101753	B	63.0
101754	D	77.48
101755	B	61.36
101756	A	43.76
101757	D	39.2
101758	B	21.4
101759	C	21.4
101760	A	89.04
101761	D	91.96
101762	D	45.52
101763	C	33.92
101764	C	59.72
101765	A	91.76
101766	D	32.12
101767	A	36.88
101768	A	21.4
101769	D	90.4
101770	D	55.12
101771	A	21.4
101772	B	82.6
101773	C	23.6
101774	A	32.92
101775	D	96.76
101776	A	48.92
101777	D	31.0
101778	B	21.4
101779	A	21.4
101780	C	75.92
101781	B	94.48
101782	B	69.72
101783	B	21.4
101784	C	21.4
101785	A	21.4
101786	C	49.76
101787	D	33.0
101788	B	59.24
101789	C	23.64
101790	B	83.56
101791	C	32.2
101792	C	48.6
101793	C	32.84
101794	B	21.4
101795	B	85.36
101796	C	39.12
101797	B	21.4
101798	A	69.04
101799	A	30.84
101800	C	91.84
101801	C	90.36
101802	C	92.08
101803	D	42.56
101804	D	52.56
101805	D	61.48
101806	C	35.6
101807	A	87.56
101808	C	43.52
101809	D	69.32
101810	B	63.24
101811	C	31.64
101812	B	21.4
101813	D	74.44
101814	B	21.4
101815	D	73.36
101816	A	66.28
101817	D	39.72
101818	B	71.64
101819	A	49.28
101820	C	44.6
101821	C	95.16
101822	D	86.56
101823	D	96.84
101824	D	37.6
101825	B	21.4
101826	A	21.4
101827	A	21.4
101828	A	21.4
101829	C	36.44
101830	A	78.8
101831	C	54.04
101832	D	86.8
101833	D	64.08
101834	A	37.2
101835	B	32.24
101836	B	21.4
101837	A	82.72
101838	D	41.04
101839	C	65.36
101840	C	64.84
101841	C	71.2
101842	A	63.64
101843	A	21.4
101844	B	71.44
101845	C	54.44
101846	B	21.4
101847	A	21.4
101848	B	57.24
101849	D	87.48
101850	B	94.8
101851	B	83.84
101852	C	62.12
101853	C	45.68
101854	C	73.32
101855	D	21.4
101856	B	24.52
101857	C	87.4
101858	D	39.64
101859	B	49.72
101860	A	73.6
101861	D	24.4
101862	D	53.52
101863	D	34.04
101864	D	42.84
101865	A	83.08
101866	C	33.64
101867	D	57.92
101868	A	43.32
101869	D	78.96
101870	D	48.16
101871	A	21.4
101872	C	71.28
101873	B	40.72
101874	B	23.84
101875	B	48.28
101876	A	96.4
101877	D	89.2
101878	C	21.4
101879	A	41.68
101880	D	57.68
101881	D	51.6
101882	C	37.52
101883	C	92.52
101884	C	21.4
101885	C	51.92
101886	B	48.04
101887	B	21.4
101888	B	94.52
101889	A	24.76
101890	A	21.4
101891	B	21.4
101892	D	66.0
101893	C	91.92
101894	C	96.96
101895	D	21.4
101896	B	21.4
101897	B	21.4
101898	C	33.8
101899	C	21.4
101900	C	79.48
101901	B	34.48
101902	A	75.2
101903	D	68.72
101904	A	31.92
101905	B	64.12
101906	D	38.76
101907	D	88.52
101908	C	21.4
101909	B	29.44
101910	A	95.6
101911	A	77.56
101912	C	49.4
101913	D	0.24
101914	C	87.0
101915	D	48.12
101916	C	89.76
101917	D	68.36
101918	C	67.68
101919	C	67.52
101920	D	21.4
101921	C	57.72
101922	D	77.64
101923	D	44.04
101924	C	90.08
101925	A	48.32
101926	A	21.4
101927	B	31.6
101928	D	92.0
101929	A	21.4
101930	C	50.76
101931	A	21.4
101932	C	21.4
101933	A	84.04
101934	C	57.04
101935	A	22.64
101936	A	0.16
101937	D	21.4
101938	D	34.44
101939	C	81.68
101940	D	50.56
101941	C	21.4
101942	D	97.12
101943	B	71.76
101944	B	21.4
101945	A	69.4
101946	C	50.2
101947	B	39.84
101948	D	81.04
101949	D	50.04
101950	B	23.12
101951	D	46.68
101952	D	21.4
101953	D	51.8
101954	D	21.4
101955	A	55.8
101956	D	63.68
101957	D	38.04
101958	D	35.32
101959	B	74.56
101960	B	95.56
101961	C	83.52
101962	C	93.72
101963	B	79.0
101964	B	27.08
101965	C	58.36
101966	A	21.4
101967	D	21.4
101968	D	28.52
101969	A	21.4
101970	A	27.32
101971	A	95.52
101972	C	42.6
101973	D	21.4
101974	D	50.0
101975	B	43.08
101976	C	34.88
101977	B	29.76
101978	B	45.28
101979	A	29.48
101980	D	78.0
101981	D	21.4
101982	A	21.4
101983	D	71.92
101984	C	54.68
101985	D	86.6
101986	C	28.8
101987	C	97.56
101988	D	92.4
101989	D	50.88
101990	D	62.84
101991	B	23.72
101992	D	57.28
101993	A	72.76
101994	B	70.36
101995	D	29.72
101996	D	27.04
101997	B	21.4
101998	B	21.4
101999	D	21.4
102000	B	49.12
102001	B	25.96
102002	D	69.6
102003	C	52.72
102004	A	40.52
102005	C	21.4
102006	B	37.36
102007	D	84.8
102008	C	52.28
102009	C	92.76
102010	C	77.52
102011	C	76.0
102012	D	51.32
102013	A	21.4
102014	A	21.4
102015	C	32.88
102016	A	57.88
102017	A	51.64
102018	C	89.72
102019	D	62.68
102020	D	83.16
102021	C	56.8
102022	B	78.72
102023	B	40.84
102024	D	29.12
102025	C	70.16
102026	D	53.56
102027	C	21.4
102028	B	21.4
102029	D	27.52
102030	D	96.12
102031	C	93.6
102032	A	99.32
102033	B	58.2
102034	C	74.48
102035	A	85.92
102036	D	22.08
102037	A	24.32
102038	D	22.68
102039	B	73.4
102040	C	84.92
102041	C	21.4
102042	C	21.4
102043	C	41.96
102044	D	75.12
102045	B	99.24
102046	C	87.08
102047	C	21.4
102048	C	80.52
102049	B	21.4
102050	D	97.36
102051	D	96.0
102052	A	21.4
102053	B	70.92
102054	A	89.32
102055	B	59.56
102056	D	21.4
102057	A	95.04
102058	A	97.2
102059	C	57.6
102060	A	28.88
102061	B	72.4
102062	D	87.88
102063	B	46.12
102064	A	95.2
102065	D	48.76
102066	A	21.4
102067	D	89.44
102068	B	51.52
102069	C	33.72
102070	B	88.16
102071	A	21.4
102072	C	46.04
102073	B	81.4
102074	C	85.84
102075	D	22.32
102076	C	35.28
102077	A	21.4
102078	D	80.72
102079	C	24.88
102080	C	25.2
102081	A	50.72
102082	A	21.4
102083	D	21.4
102084	A	78.36
102085	B	93.88
102086	D	86.04
102087	B	28.64
102088	C	67.4
102089	B	27.8
102090	A	89.36
102091	C	70.52
102092	C	21.4
102093	B	39.56
102094	C	61.24
102095	D	46.6
102096	C	59.32
102097	C	82.56
102098	A	95.88
102099	D	26.6
102100	B	23.32
102101	A	54.36
102102	B	66.24
102103	A	93.36
102104	A	21.4
102105	A	21.4
102106	C	66.56
102107	A	40.88
102108	D	76.28
102109	D	21.4
102110	D	66.64
102111	C	85.6
102112	C	21.4
102113	A	62.48
102114	D	48.36
102115	C	24.8
102116	D	29.08
102117	D	51.24
102118	D	54.88
102119	D	86.96
102120	B	93.76
102121	D	65.48
102122	D	64.96
102123	A	63.04
102124	A	21.4
102125	D	54.84
102126	A	21.4
102127	B	53.68
102128	A	77.4
102129	D	77.04
102130	A	78.52
102131	A	95.12
102132	B	58.16
102133	C	80.32
102134	D	52.44
102135	C	64.44
102136	C	79.4
102137	C	25.84
102138	D	21.4
102139	A	50.96
102140	A	24.6
102141	C	21.4
102142	C	22.48
102143	B	21.4
102144	D	41.6
102145	D	96.28
102146	D	55.16
102147	C	21.4
102148	B	98.2
102149	B	84.76
102150	D	53.96
102151	C	21.4
102152	C	21.4
102153	D	99.2
102154	B	35.08
102155	C	51.88
102156	D	73.52
102157	B	38.92
102158	D	21.4
102159	D	98.68
102160	D	21.4
102161	A	94.0
102162	D	22.16
102163	B	89.64
102164	C	66.08
102165	A	23.56
102166	D	53.24
102167	D	26.28
102168	A	29.88
102169	A	24.44
102170	D	62.2
102171	C	34.96
102172	C	75.6
102173	D	55.24
102174	D	39.08
102175	A	21.4
102176	B	96.68
102177	B	21.4
102178	D	45.08
102179	D	43.8
102180	A	21.4
102181	A	93.56
102182	B	21.4
102183	A	21.4
102184	C	30.56
102185	C	21.4
102186	C	91.68
102187	A	21.4
102188	B	76.2
102189	C	54.28
102190	C	28.48
102191	D	83.2
102192	D	74.08
102193	A	31.44
102194	C	21.4
102195	B	61.04
102196	B	94.72
102197	C	40.28
102198	A	21.4
102199	C	40.48
102200	D	36.52
102201	D	76.92
102202	B	67.72
102203	B	49.68
102204	A	21.4
102205	C	94.92
102206	C	21.4
102207	C	21.4
102208	B	30.48
102209	C	21.4
102210	D	21.4
102211	C	43.36
102212	C	85.12
102213	B	48.64
102214	D	75.08
102215	A	21.4
102216	B	24.92
102217	A	36.8
102218	B	86.44
102219	B	67.8
102220	D	21.4
102221	D	33.96
102222	C	89.8
102223	A	60.96
102224	A	98.0
102225	D	83.8
102226	A	21.4
102227	C	45.0
102228	B	27.24
102229	D	35.48
102230	A	85.88
102231	B	24.72
102232	D	95.08
102233	D	45.76
102234	B	75.72
102235	D	57.08
102236	D	30.2
102237	B	78.08
102238	A	39.24
102239	C	52.24
102240	B	98.64
102241	A	84.84
102242	D	70.08
102243	D	60.76
102244	D	21.4
102245	B	78.56
102246	A	21.4
102247	C	24.48
102248	B	46.08
102249	D	21.4
102250	A	53.8
102251	A	87.84
102252	A	40.56
102253	C	68.04
102254	D	21.4
102255	A	67.36
102256	C	79.12
102257	B	80.76
102258	C	96.48
102259	C	37.44
102260	C	50.48
102261	A	21.4
102262	C	21.4
102263	D	49.88
102264	C	94.28
102265	D	81.44
102266	A	52.88
102267	C	92.36
102268	C	84.08
102269	A	21.4
102270	D	58.92
102271	D	38.4
102272	D	84.28
102273	D	43.44
102274	C	38.8
102275	C	54.08
102276	B	21.4
102277	D	90.88
102278	C	73.92
102279	C	43.92
102280	A	58.68
102281	D	30.8
102282	D	48.84
102283	A	59.12
102284	A	87.68
102285	A	85.76
102286	C	37.96
102287	C	77.84
102288	A	68.28
102289	C	72.88
102290	A	21.4
102291	D	21.4
102292	D	84.72
102293	A	26.4
102294	D	52.12
102295	D	72.52
102296	C	21.4
102297	D	66.4
102298	D	21.4
102299	A	70.6
102300	C	21.4
102301	A	93.84
102302	C	70.84
102303	A	82.04
102304	A	95.32
102305	C	24.12
102306	A	21.4
102307	D	21.4
102308	A	21.4
102309	C	60.72
102310	B	33.04
102311	B	25.04
102312	B	21.88
102313	B	21.4
102314	C	21.4
102315	C	35.44
102316	C	21.4
102317	B	21.4
102318	D	84.56
102319	A	21.4
102320	D	26.92
102321	C	43.88
102322	C	21.4
102323	A	21.4
102324	A	25.12
102325	A	67.64
102326	A	21.4
102327	D	67.92
102328	C	99.44
102329	B	21.4
102330	A	21.4
102331	C	60.44
102332	D	97.68
102333	B	49.48
102334	D	72.84
102335	D	91.52
102336	C	61.0
102337	D	26.84
102338	C	25.6
102339	C	85.68
102340	B	91.12
102341	A	58.24
102342	A	21.4
102343	D	38.48
102344	C	21.4
102345	B	54.24
102346	A	21.8
102347	D	30.88
102348	D	49.6
102349	C	32.16
102350	A	21.4
102351	D	43.0
102352	B	21.4
102353	A	48.08
102354	B	21.4
102355	D	21.4
102356	C	45.16
102357	A	44.96
102358	A	21.4
102359	B	43.24
102360	D	28.68
102361	D	82.08
102362	D	42.04
102363	A	78.32
102364	D	21.4
102365	B	21.4
102366	A	21.4
102367	A	82.4
102368	A	23.96
102369	D	42.68
102370	B	21.4
102371	D	94.16
102372	A	42.92
102373	A	40.76
102374	B	38.0
102375	C	21.4
102376	D	21.4
102377	C	46.24
102378	D	60.16
102379	A	44.12
102380	B	60.52
102381	D	76.24
102382	A	21.4
102383	B	99.8
102384	A	47.28
102385	D	36.84
102386	B	21.4
102387	B	81.08
102388	B	54.0
102389	D	30.68
102390	C	92.44
102391	A	28.6
102392	B	72.48
102393	A	39.76
102394	A	89.88
102395	D	22.52
102396	B	47.48
102397	D	21.4
102398	C	36.28
102399	A	30.44
102400	A	47.2
102401	D	70.72
102402	D	65.84
102403	D	57.96
102404	A	21.4
102405	D	21.4
102406	A	94.08
102407	B	21.4
102408	B	21.4
102409	C	71.12
102410	D	47.4
102411	B	49.84
102412	C	29.24
102413	C	63.88
102414	C	21.4
102415	C	23.92
102416	B	68.4
102417	B	69.96
102418	B	69.08
102419	C	43.6
102420	C	21.4
102421	C	49.96
102422	B	21.4
102423	C	75.52
102424	A	21.4
102425	C	78.6
102426	C	21.4
102427	D	0.08
102428	A	95.36
102429	B	67.04
102430	C	69.8
102431	B	41.48
102432	A	40.12
102433	B	89.52
102434	D	99.84
102435	A	48.24
102436	D	28.92
102437	A	21.4
102438	D	21.4
102439	C	75.44
102440	D	68.84
102441	B	24.36
102442	D	73.8
102443	D	91.6
102444	B	54.52
102445	A	21.4
102446	B	86.2
102447	D	94.56
102448	C	21.4
102449	C	27.4
102450	C	74.04
102451	A	76.08
102452	C	21.4
102453	B	40.24
102454	A	21.4
102455	C	58.52
102456	C	84.96
102457	B	21.4
102458	C	72.68
102459	A	33.76
102460	D	38.68
102461	D	30.92
102462	C	80.24
102463	D	25.52
102464	D	26.0
102465	A	60.84
102466	C	21.4
102467	D	87.2
102468	D	21.4
102469	A	90.6
102470	C	25.8
102471	A	82.88
102472	A	21.4
102473	B	89.08
102474	B	72.04
102475	A	27.6
102476	C	70.2
102477	B	47.92
102478	A	21.4
102479	D	44.68
102480	A	21.4
102481	D	71.84
102482	B	86.12
102483	C	94.44
102484	A	48.68
102485	C	45.24
102486	B	76.44
102487	D	80.12
102488	B	81.24
102489	A	41.64
102490	D	92.8
102491	C	82.44
102492	D	32.48
102493	A	70.88
102494	A	76.64
102495	B	71.52
102496	B	21.4
102497	D	81.56
102498	A	21.4
102499	C	21.4
102500	C	39.96
