id,correctAnswer
102501,C
102502,D
102503,B
102504,C
102505,D
102506,B
102507,C
102508,B
102509,A
102510,C
102511,A
102512,C
102513,D
102514,B
102515,C
102516,A
102517,A
102518,A
102519,B
102520,B
102521,D
102522,B
102523,A
102524,B
102525,B
102526,D
102527,C
102528,D
102529,B
102530,B
102531,B
102532,C
102533,A
102534,B
102535,D
102536,D
102537,B
102538,A
102539,D
102540,B
102541,C
102542,D
102543,C
102544,D
102545,D
102546,B
102547,B
102548,C
102549,C
102550,B
102551,A
102552,B
102553,C
102554,D
102555,B
102556,A
102557,C
102558,D
102559,B
102560,A
102561,D
102562,C
102563,B
102564,C
102565,C
102566,B
102567,D
102568,A
102569,B
102570,D
102571,C
102572,A
102573,D
102574,B
102575,C
102576,D
102577,A
102578,A
102579,D
102580,A
102581,D
102582,B
102583,A
102584,C
102585,A
102586,D
102587,B
102588,B
102589,B
102590,D
102591,A
102592,D
102593,B
102594,B
102595,D
102596,B
102597,D
102598,C
102599,D
102600,D
102601,C
102602,C
102603,A
102604,A
102605,B
102606,C
102607,C
102608,C
102609,A
102610,C
102611,B
102612,D
102613,C
102614,C
102615,C
102616,A
102617,A
102618,D
102619,D
102620,C
102621,B
102622,C
102623,B
102624,B
102625,B
102626,D
102627,B
102628,C
102629,C
102630,A
102631,D
102632,A
102633,A
102634,A
102635,D
102636,B
102637,B
102638,D
102639,A
102640,B
102641,A
102642,B
102643,A
102644,A
102645,A
102646,B
102647,D
102648,B
102649,B
102650,B
102651,D
102652,A
102653,B
102654,A
102655,D
102656,B
102657,D
102658,C
102659,C
102660,C
102661,B
102662,A
102663,A
102664,C
102665,D
102666,C
102667,B
102668,A
102669,A
102670,C
102671,C
102672,B
102673,D
102674,A
102675,B
102676,A
102677,C
102678,D
102679,D
102680,D
102681,D
102682,C
102683,B
102684,D
102685,C
102686,A
102687,A
102688,C
102689,D
102690,D
102691,D
102692,B
102693,B
102694,A
102695,B
102696,A
102697,A
102698,A
102699,C
102700,A
102701,B
102702,D
102703,C
102704,C
102705,B
102706,C
102707,B
102708,B
102709,A
102710,A
102711,C
102712,C
102713,B
102714,D
102715,C
102716,A
102717,C
102718,B
102719,A
102720,B
102721,C
102722,A
102723,D
102724,B
102725,B
102726,B
102727,B
102728,A
102729,C
102730,B
102731,D
102732,D
102733,C
102734,B
102735,A
102736,D
102737,C
102738,A
102739,A
102740,C
102741,B
102742,B
102743,B
102744,D
102745,C
102746,B
102747,D
102748,C
102749,C
102750,A
102751,C
102752,D
102753,A
102754,A
102755,B
102756,A
102757,B
102758,A
102759,B
102760,D
102761,C
102762,D
102763,A
102764,C
102765,B
102766,D
102767,C
102768,D
102769,D
102770,D
102771,D
102772,B
102773,D
102774,C
102775,C
102776,C
102777,B
102778,C
102779,C
102780,B
102781,D
102782,D
102783,A
102784,D
102785,A
102786,A
102787,B
102788,A
102789,D
102790,C
102791,C
102792,C
102793,D
102794,C
102795,B
102796,B
102797,B
102798,A
102799,D
102800,B
102801,D
102802,A
102803,D
102804,A
102805,D
102806,A
102807,C
102808,B
102809,B
102810,C
102811,C
102812,A
102813,A
102814,A
102815,B
102816,B
102817,D
102818,B
102819,D
102820,A
102821,C
102822,B
102823,B
102824,A
102825,B
102826,C
102827,B
102828,A
102829,C
102830,C
102831,D
102832,C
102833,D
102834,C
102835,A
102836,B
102837,C
102838,B
102839,C
102840,D
102841,B
102842,D
102843,A
102844,D
102845,B
102846,A
102847,D
102848,A
102849,C
102850,B
102851,B
102852,A
102853,A
102854,C
102855,B
102856,B
102857,B
102858,D
102859,D
102860,C
102861,A
102862,D
102863,A
102864,D
102865,D
102866,A
102867,C
102868,C
102869,A
102870,A
102871,A
102872,A
102873,D
102874,B
102875,B
102876,A
102877,A
102878,C
102879,D
102880,A
102881,B
102882,D
102883,B
102884,C
102885,A
102886,C
102887,B
102888,D
102889,B
102890,D
102891,D
102892,B
102893,D
102894,D
102895,C
102896,D
102897,A
102898,C
102899,D
102900,A
102901,A
102902,C
102903,A
102904,A
102905,D
102906,A
102907,B
102908,B
102909,C
102910,A
102911,C
102912,A
102913,A
102914,B
102915,C
102916,A
102917,C
102918,C
102919,D
102920,D
102921,D
102922,A
102923,A
102924,B
102925,C
102926,C
102927,A
102928,B
102929,B
102930,C
102931,A
102932,D
102933,C
102934,A
102935,D
102936,B
102937,D
102938,D
102939,D
102940,B
102941,A
102942,A
102943,B
102944,D
102945,D
102946,D
102947,D
102948,B
102949,D
102950,A
102951,B
102952,D
102953,C
102954,D
102955,D
102956,B
102957,C
102958,A
102959,B
102960,D
102961,B
102962,C
102963,A
102964,C
102965,B
102966,C
102967,C
102968,A
102969,D
102970,D
102971,D
102972,D
102973,C
102974,A
102975,A
102976,B
102977,A
102978,A
102979,C
102980,A
102981,D
102982,A
102983,C
102984,B
102985,D
102986,D
102987,D
102988,D
102989,C
102990,A
102991,A
102992,A
102993,C
102994,C
102995,B
102996,B
102997,C
102998,D
102999,D
103000,B
103001,C
103002,C
103003,D
103004,B
103005,C
103006,C
103007,C
103008,A
103009,D
103010,A
103011,A
103012,B
103013,C
103014,B
103015,B
103016,D
103017,D
103018,C
103019,A
103020,B
103021,B
103022,D
103023,B
103024,D
103025,C
103026,A
103027,C
103028,B
103029,B
103030,D
103031,C
103032,A
103033,B
103034,C
103035,D
103036,D
103037,B
103038,B
103039,B
103040,C
103041,B
103042,C
103043,C
103044,B
103045,C
103046,A
103047,A
103048,B
103049,B
103050,A
103051,B
103052,B
103053,D
103054,B
103055,D
103056,A
103057,A
103058,C
103059,D
103060,D
103061,A
103062,D
103063,A
103064,D
103065,A
103066,A
103067,B
103068,A
103069,A
103070,B
103071,A
103072,C
103073,D
103074,C
103075,D
103076,B
103077,A
103078,C
103079,A
103080,D
103081,A
103082,D
103083,C
103084,D
103085,C
103086,D
103087,C
103088,B
103089,A
103090,D
103091,B
103092,A
103093,C
103094,B
103095,D
103096,D
103097,B
103098,B
103099,A
103100,D
103101,B
103102,B
103103,D
103104,A
103105,B
103106,D
103107,D
103108,C
103109,C
103110,B
103111,D
103112,D
103113,B
103114,B
103115,A
103116,B
103117,D
103118,A
103119,C
103120,B
103121,C
103122,D
103123,B
103124,A
103125,C
103126,A
103127,C
103128,D
103129,B
103130,B
103131,C
103132,D
103133,B
103134,A
103135,C
103136,C
103137,B
103138,C
103139,D
103140,B
103141,B
103142,A
103143,B
103144,C
103145,A
103146,A
103147,C
103148,A
103149,A
103150,D
103151,A
103152,C
103153,A
103154,A
103155,A
103156,B
103157,A
103158,C
103159,D
103160,A
103161,C
103162,A
103163,A
103164,A
103165,A
103166,A
103167,C
103168,B
103169,B
103170,A
103171,D
103172,C
103173,A
103174,D
103175,B
103176,A
103177,D
103178,D
103179,A
103180,C
103181,D
103182,A
103183,C
103184,A
103185,D
103186,C
103187,C
103188,A
103189,B
103190,A
103191,A
103192,D
103193,D
103194,D
103195,A
103196,A
103197,B
103198,D
103199,C
103200,B
103201,C
103202,A
103203,C
103204,A
103205,D
103206,A
103207,D
103208,C
103209,A
103210,D
103211,A
103212,B
103213,C
103214,C
103215,C
103216,A
103217,D
103218,D
103219,A
103220,C
103221,A
103222,A
103223,C
103224,C
103225,A
103226,A
103227,D
103228,C
103229,C
103230,D
103231,D
103232,B
103233,B
103234,A
103235,D
103236,D
103237,A
103238,B
103239,B
103240,D
103241,B
103242,D
103243,D
103244,D
103245,B
103246,A
103247,C
103248,A
103249,B
103250,C
103251,A
103252,A
103253,C
103254,A
103255,B
103256,C
103257,D
103258,D
103259,B
103260,A
103261,A
103262,D
103263,A
103264,A
103265,C
103266,A
103267,D
103268,A
103269,A
103270,C
103271,B
103272,C
103273,A
103274,C
103275,B
103276,B
103277,A
103278,A
103279,A
103280,D
103281,A
103282,D
103283,B
103284,A
103285,B
103286,C
103287,B
103288,D
103289,C
103290,A
103291,B
103292,C
103293,B
103294,C
103295,A
103296,C
103297,C
103298,C
103299,C
103300,D
103301,C
103302,D
103303,C
103304,B
103305,C
103306,C
103307,B
103308,D
103309,C
103310,C
103311,A
103312,B
103313,B
103314,D
103315,A
103316,B
103317,A
103318,B
103319,B
103320,B
103321,C
103322,B
103323,C
103324,A
103325,A
103326,A
103327,D
103328,A
103329,D
103330,B
103331,A
103332,D
103333,B
103334,C
103335,D
103336,A
103337,A
103338,B
103339,B
103340,B
103341,A
103342,D
103343,C
103344,D
103345,A
103346,B
103347,C
103348,B
103349,C
103350,C
103351,A
103352,A
103353,B
103354,C
103355,C
103356,C
103357,B
103358,A
103359,B
103360,C
103361,A
103362,B
103363,B
103364,D
103365,B
103366,D
103367,C
103368,D
103369,A
103370,D
103371,A
103372,C
103373,B
103374,D
103375,A
103376,C
103377,B
103378,B
103379,C
103380,B
103381,A
103382,B
103383,B
103384,A
103385,A
103386,A
103387,A
103388,B
103389,C
103390,D
103391,B
103392,C
103393,D
103394,D
103395,D
103396,D
103397,C
103398,B
103399,C
103400,B
103401,A
103402,B
103403,B
103404,D
103405,C
103406,B
103407,B
103408,D
103409,D
103410,A
103411,B
103412,D
103413,B
103414,C
103415,B
103416,A
103417,A
103418,D
103419,A
103420,B
103421,D
103422,B
103423,B
103424,D
103425,A
103426,A
103427,B
103428,B
103429,D
103430,D
103431,A
103432,D
103433,D
103434,B
103435,A
103436,A
103437,C
103438,A
103439,D
103440,A
103441,C
103442,C
103443,D
103444,C
103445,C
103446,B
103447,B
103448,C
103449,B
103450,B
103451,C
103452,D
103453,D
103454,B
103455,D
103456,A
103457,C
103458,D
103459,A
103460,D
103461,C
103462,D
103463,A
103464,D
103465,B
103466,A
103467,D
103468,D
103469,A
103470,B
103471,C
103472,A
103473,D
103474,C
103475,D
103476,C
103477,C
103478,C
103479,D
103480,D
103481,C
103482,B
103483,C
103484,A
103485,D
103486,A
103487,D
103488,D
103489,C
103490,C
103491,D
103492,C
103493,A
103494,B
103495,D
103496,D
103497,B
103498,B
103499,D
103500,D
103501,D
103502,C
103503,B
103504,B
103505,D
103506,A
103507,D
103508,D
103509,D
103510,C
103511,D
103512,D
103513,D
103514,B
103515,A
103516,D
103517,C
103518,C
103519,A
103520,A
103521,D
103522,D
103523,B
103524,C
103525,B
103526,A
103527,D
103528,D
103529,B
103530,B
103531,C
103532,D
103533,C
103534,C
103535,C
103536,C
103537,C
103538,B
103539,A
103540,D
103541,D
103542,A
103543,D
103544,D
103545,B
103546,A
103547,D
103548,C
103549,D
103550,D
103551,C
103552,C
103553,C
103554,A
103555,B
103556,C
103557,C
103558,B
103559,A
103560,B
103561,D
103562,B
103563,C
103564,B
103565,C
103566,A
103567,C
103568,C
103569,B
103570,D
103571,A
103572,A
103573,D
103574,D
103575,C
103576,B
103577,B
103578,B
103579,B
103580,D
103581,C
103582,D
103583,B
103584,D
103585,A
103586,C
103587,D
103588,B
103589,C
103590,B
103591,A
103592,A
103593,C
103594,B
103595,D
103596,A
103597,A
103598,A
103599,A
103600,A
103601,A
103602,C
103603,B
103604,C
103605,D
103606,D
103607,C
103608,C
103609,D
103610,B
103611,B
103612,D
103613,C
103614,C
103615,B
103616,D
103617,B
103618,D
103619,B
103620,A
103621,A
103622,D
103623,B
103624,C
103625,B
103626,B
103627,C
103628,D
103629,D
103630,A
103631,D
103632,C
103633,D
103634,C
103635,A
103636,B
103637,A
103638,B
103639,B
103640,A
103641,B
103642,D
103643,D
103644,C
103645,D
103646,A
103647,B
103648,D
103649,C
103650,B
103651,C
103652,A
103653,A
103654,B
103655,C
103656,D
103657,A
103658,B
103659,B
103660,C
103661,B
103662,D
103663,B
103664,A
103665,D
103666,B
103667,D
103668,B
103669,C
103670,B
103671,B
103672,C
103673,B
103674,B
103675,A
103676,D
103677,B
103678,C
103679,B
103680,B
103681,D
103682,C
103683,C
103684,D
103685,A
103686,A
103687,C
103688,B
103689,D
103690,C
103691,B
103692,B
103693,B
103694,A
103695,C
103696,C
103697,C
103698,C
103699,C
103700,A
103701,B
103702,C
103703,D
103704,D
103705,D
103706,C
103707,D
103708,D
103709,A
103710,D
103711,C
103712,D
103713,C
103714,D
103715,B
103716,C
103717,D
103718,D
103719,D
103720,C
103721,A
103722,D
103723,C
103724,B
103725,C
103726,C
103727,B
103728,A
103729,C
103730,D
103731,C
103732,A
103733,D
103734,C
103735,C
103736,D
103737,A
103738,D
103739,B
103740,D
103741,C
103742,C
103743,B
103744,C
103745,B
103746,A
103747,B
103748,C
103749,D
103750,C
103751,A
103752,D
103753,D
103754,C
103755,C
103756,D
103757,B
103758,C
103759,B
103760,D
103761,C
103762,A
103763,B
103764,A
103765,A
103766,D
103767,C
103768,B
103769,B
103770,D
103771,B
103772,B
103773,B
103774,C
103775,D
103776,B
103777,B
103778,C
103779,A
103780,D
103781,B
103782,B
103783,D
103784,C
103785,D
103786,D
103787,B
103788,B
103789,D
103790,A
103791,C
103792,C
103793,B
103794,A
103795,D
103796,C
103797,B
103798,A
103799,C
103800,C
103801,A
103802,C
103803,C
103804,A
103805,A
103806,B
103807,B
103808,D
103809,B
103810,D
103811,D
103812,A
103813,D
103814,B
103815,C
103816,C
103817,C
103818,D
103819,B
103820,D
103821,C
103822,A
103823,B
103824,B
103825,B
103826,B
103827,A
103828,A
103829,A
103830,A
103831,D
103832,A
103833,D
103834,C
103835,C
103836,D
103837,A
103838,A
103839,C
103840,B
103841,C
103842,B
103843,A
103844,D
103845,A
103846,B
103847,C
103848,D
103849,C
103850,D
103851,D
103852,C
103853,B
103854,A
103855,C
103856,B
103857,D
103858,C
103859,D
103860,A
103861,D
103862,A
103863,D
103864,B
103865,A
103866,C
103867,C
103868,D
103869,A
103870,C
103871,B
103872,C
103873,C
103874,D
103875,A
103876,D
103877,C
103878,A
103879,A
103880,A
103881,B
103882,C
103883,B
103884,A
103885,D
103886,D
103887,B
103888,A
103889,B
103890,D
103891,C
103892,C
103893,B
103894,D
103895,B
103896,C
103897,D
103898,A
103899,C
103900,B
103901,C
103902,C
103903,C
103904,C
103905,A
103906,A
103907,B
103908,D
103909,A
103910,B
103911,B
103912,B
103913,A
103914,D
103915,A
103916,D
103917,B
103918,D
103919,A
103920,A
103921,A
103922,C
103923,B
103924,D
103925,A
103926,A
103927,A
103928,B
103929,A
103930,C
103931,B
103932,C
103933,D
103934,C
103935,A
103936,D
103937,D
103938,C
103939,A
103940,D
103941,C
103942,D
103943,D
103944,D
103945,C
103946,B
103947,B
103948,B
103949,C
103950,C
103951,D
103952,B
103953,D
103954,C
103955,D
103956,C
103957,A
103958,A
103959,C
103960,B
103961,C
103962,C
103963,A
103964,A
103965,D
103966,B
103967,C
103968,D
103969,D
103970,D
103971,B
103972,B
103973,A
103974,C
103975,D
103976,C
103977,A
103978,D
103979,B
103980,A
103981,D
103982,B
103983,D
103984,D
103985,D
103986,B
103987,C
103988,B
103989,C
103990,A
103991,B
103992,A
103993,B
103994,A
103995,D
103996,A
103997,D
103998,B
103999,D
104000,B
104001,D
104002,D
104003,D
104004,C
104005,D
104006,C
104007,A
104008,B
104009,A
104010,D
104011,B
104012,B
104013,D
104014,C
104015,C
104016,C
104017,A
104018,D
104019,B
104020,A
104021,D
104022,C
104023,C
104024,C
104025,A
104026,A
104027,A
104028,D
104029,D
104030,B
104031,D
104032,B
104033,D
104034,C
104035,C
104036,B
104037,B
104038,B
104039,A
104040,C
104041,C
104042,B
104043,B
104044,A
104045,B
104046,D
104047,C
104048,A
104049,A
104050,A
104051,A
104052,B
104053,A
104054,D
104055,C
104056,B
104057,D
104058,C
104059,A
104060,C
104061,B
104062,B
104063,C
104064,A
104065,C
104066,C
104067,C
104068,B
104069,D
104070,D
104071,D
104072,A
104073,B
104074,B
104075,D
104076,D
104077,B
104078,D
104079,A
104080,A
104081,C
104082,D
104083,D
104084,A
104085,C
104086,B
104087,A
104088,A
104089,B
104090,C
104091,B
104092,B
104093,B
104094,A
104095,A
104096,A
104097,D
104098,D
104099,A
104100,C
104101,B
104102,D
104103,C
104104,D
104105,C
104106,C
104107,B
104108,A
104109,C
104110,B
104111,D
104112,B
104113,A
104114,A
104115,A
104116,C
104117,B
104118,B
104119,B
104120,B
104121,A
104122,D
104123,A
104124,D
104125,D
104126,D
104127,C
104128,B
104129,B
104130,A
104131,A
104132,B
104133,D
104134,A
104135,C
104136,C
104137,B
104138,B
104139,A
104140,C
104141,D
104142,C
104143,A
104144,C
104145,A
104146,B
104147,D
104148,D
104149,D
104150,C
104151,D
104152,A
104153,A
104154,C
104155,C
104156,B
104157,A
104158,B
104159,C
104160,B
104161,D
104162,D
104163,D
104164,D
104165,B
104166,D
104167,A
104168,A
104169,C
104170,A
104171,A
104172,C
104173,D
104174,A
104175,D
104176,A
104177,D
104178,D
104179,C
104180,D
104181,D
104182,D
104183,B
104184,A
104185,C
104186,D
104187,C
104188,A
104189,A
104190,B
104191,B
104192,C
104193,C
104194,C
104195,D
104196,A
104197,C
104198,B
104199,D
104200,D
104201,C
104202,A
104203,B
104204,B
104205,C
104206,B
104207,D
104208,A
104209,C
104210,A
104211,D
104212,B
104213,A
104214,A
104215,D
104216,A
104217,B
104218,C
104219,B
104220,C
104221,A
104222,D
104223,B
104224,D
104225,B
104226,C
104227,D
104228,D
104229,C
104230,A
104231,A
104232,A
104233,B
104234,C
104235,A
104236,D
104237,B
104238,B
104239,C
104240,C
104241,C
104242,C
104243,B
104244,C
104245,C
104246,C
104247,D
104248,B
104249,A
104250,C
104251,B
104252,D
104253,D
104254,A
104255,D
104256,C
104257,D
104258,D
104259,D
104260,B
104261,D
104262,B
104263,A
104264,A
104265,C
104266,C
104267,D
104268,C
104269,A
104270,D
104271,C
104272,A
104273,A
104274,D
104275,A
104276,A
104277,B
104278,A
104279,B
104280,B
104281,D
104282,C
104283,D
104284,C
104285,A
104286,C
104287,B
104288,C
104289,A
104290,B
104291,C
104292,A
104293,B
104294,D
104295,D
104296,D
104297,A
104298,D
104299,C
104300,C
104301,C
104302,B
104303,B
104304,D
104305,C
104306,B
104307,C
104308,C
104309,B
104310,C
104311,B
104312,C
104313,C
104314,B
104315,A
104316,B
104317,C
104318,B
104319,B
104320,B
104321,C
104322,B
104323,B
104324,A
104325,B
104326,B
104327,B
104328,C
104329,D
104330,A
104331,A
104332,C
104333,D
104334,A
104335,D
104336,D
104337,C
104338,C
104339,B
104340,C
104341,D
104342,A
104343,B
104344,A
104345,A
104346,D
104347,D
104348,B
104349,D
104350,B
104351,C
104352,C
104353,C
104354,A
104355,D
104356,D
104357,B
104358,D
104359,A
104360,D
104361,D
104362,A
104363,A
104364,C
104365,B
104366,C
104367,D
104368,D
104369,A
104370,C
104371,B
104372,D
104373,C
104374,B
104375,C
104376,A
104377,B
104378,C
104379,D
104380,D
104381,B
104382,A
104383,B
104384,D
104385,C
104386,D
104387,D
104388,C
104389,A
104390,B
104391,A
104392,D
104393,A
104394,B
104395,B
104396,D
104397,D
104398,B
104399,A
104400,B
104401,D
104402,B
104403,B
104404,A
104405,A
104406,C
104407,B
104408,B
104409,D
104410,A
104411,A
104412,A
104413,C
104414,C
104415,D
104416,B
104417,A
104418,D
104419,A
104420,B
104421,B
104422,B
104423,C
104424,B
104425,C
104426,C
104427,D
104428,C
104429,C
104430,C
104431,C
104432,A
104433,B
104434,D
104435,B
104436,C
104437,D
104438,A
104439,B
104440,B
104441,A
104442,A
104443,B
104444,D
104445,A
104446,B
104447,D
104448,A
104449,A
104450,A
104451,A
104452,C
104453,C
104454,B
104455,D
104456,D
104457,C
104458,A
104459,A
104460,B
104461,D
104462,A
104463,A
104464,A
104465,B
104466,A
104467,A
104468,B
104469,C
104470,C
104471,C
104472,C
104473,D
104474,C
104475,C
104476,C
104477,D
104478,D
104479,D
104480,B
104481,C
104482,A
104483,D
104484,B
104485,D
104486,A
104487,C
104488,C
104489,A
104490,D
104491,B
104492,B
104493,A
104494,D
104495,A
104496,A
104497,C
104498,D
104499,D
104500,A
104501,B
104502,B
104503,C
104504,C
104505,C
104506,D
104507,B
104508,D
104509,A
104510,D
104511,A
104512,A
104513,B
104514,D
104515,A
104516,C
104517,D
104518,B
104519,D
104520,D
104521,C
104522,C
104523,D
104524,A
104525,C
104526,D
104527,B
104528,B
104529,D
104530,A
104531,D
104532,B
104533,A
104534,B
104535,B
104536,D
104537,D
104538,C
104539,D
104540,D
104541,B
104542,A
104543,B
104544,D
104545,C
104546,A
104547,D
104548,A
104549,B
104550,B
104551,B
104552,C
104553,B
104554,C
104555,C
104556,C
104557,A
104558,D
104559,B
104560,B
104561,D
104562,C
104563,A
104564,B
104565,D
104566,A
104567,D
104568,D
104569,D
104570,B
104571,C
104572,D
104573,C
104574,D
104575,D
104576,B
104577,C
104578,C
104579,B
104580,C
104581,B
104582,A
104583,B
104584,B
104585,A
104586,B
104587,B
104588,C
104589,D
104590,D
104591,D
104592,A
104593,C
104594,D
104595,D
104596,C
104597,D
104598,A
104599,B
104600,B
104601,D
104602,B
104603,C
104604,B
104605,A
104606,D
104607,B
104608,B
104609,D
104610,A
104611,A
104612,B
104613,D
104614,B
104615,C
104616,B
104617,A
104618,D
104619,C
104620,B
104621,C
104622,B
104623,C
104624,A
104625,B
104626,D
104627,B
104628,B
104629,A
104630,B
104631,B
104632,D
104633,D
104634,A
104635,A
104636,C
104637,B
104638,C
104639,C
104640,D
104641,B
104642,A
104643,D
104644,B
104645,C
104646,B
104647,C
104648,D
104649,C
104650,D
104651,B
104652,A
104653,B
104654,D
104655,A
104656,B
104657,A
104658,B
104659,B
104660,B
104661,D
104662,C
104663,A
104664,D
104665,C
104666,D
104667,C
104668,D
104669,C
104670,A
104671,C
104672,C
104673,B
104674,B
104675,C
104676,A
104677,D
104678,C
104679,C
104680,B
104681,D
104682,D
104683,C
104684,D
104685,B
104686,A
104687,C
104688,B
104689,C
104690,D
104691,D
104692,B
104693,C
104694,A
104695,C
104696,D
104697,A
104698,A
104699,C
104700,C
104701,D
104702,A
104703,C
104704,C
104705,C
104706,B
104707,B
104708,A
104709,A
104710,C
104711,B
104712,A
104713,C
104714,C
104715,C
104716,A
104717,B
104718,B
104719,B
104720,A
104721,D
104722,A
104723,C
104724,D
104725,A
104726,D
104727,D
104728,D
104729,C
104730,B
104731,A
104732,B
104733,A
104734,B
104735,D
104736,D
104737,B
104738,C
104739,C
104740,B
104741,B
104742,B
104743,A
104744,C
104745,C
104746,C
104747,B
104748,A
104749,D
104750,D
104751,B
104752,C
104753,B
104754,B
104755,D
104756,B
104757,D
104758,D
104759,B
104760,B
104761,D
104762,A
104763,C
104764,C
104765,B
104766,A
104767,D
104768,D
104769,C
104770,B
104771,C
104772,D
104773,C
104774,A
104775,D
104776,A
104777,B
104778,C
104779,C
104780,A
104781,C
104782,C
104783,A
104784,D
104785,C
104786,C
104787,D
104788,A
104789,D
104790,B
104791,C
104792,A
104793,B
104794,C
104795,C
104796,A
104797,A
104798,A
104799,B
104800,C
104801,A
104802,B
104803,B
104804,C
104805,C
104806,A
104807,A
104808,A
104809,C
104810,B
104811,C
104812,C
104813,D
104814,B
104815,A
104816,C
104817,C
104818,A
104819,B
104820,A
104821,C
104822,D
104823,D
104824,D
104825,B
104826,A
104827,C
104828,A
104829,A
104830,B
104831,A
104832,D
104833,B
104834,B
104835,A
104836,D
104837,A
104838,D
104839,C
104840,A
104841,B
104842,C
104843,A
104844,C
104845,C
104846,D
104847,D
104848,B
104849,B
104850,D
104851,C
104852,A
104853,C
104854,A
104855,A
104856,C
104857,C
104858,C
104859,C
104860,A
104861,C
104862,B
104863,B
104864,D
104865,B
104866,B
104867,D
104868,B
104869,A
104870,A
104871,A
104872,D
104873,A
104874,C
104875,C
104876,B
104877,B
104878,D
104879,A
104880,C
104881,C
104882,B
104883,A
104884,C
104885,A
104886,A
104887,D
104888,D
104889,C
104890,B
104891,D
104892,B
104893,B
104894,B
104895,D
104896,C
104897,D
104898,C
104899,A
104900,D
104901,A
104902,C
104903,A
104904,B
104905,C
104906,A
104907,D
104908,D
104909,C
104910,A
104911,B
104912,C
104913,D
104914,C
104915,B
104916,D
104917,C
104918,C
104919,A
104920,D
104921,C
104922,B
104923,A
104924,A
104925,B
104926,B
104927,C
104928,C
104929,A
104930,A
104931,D
104932,B
104933,C
104934,C
104935,D
104936,A
104937,B
104938,B
104939,A
104940,D
104941,B
104942,B
104943,D
104944,D
104945,C
104946,B
104947,D
104948,C
104949,A
104950,A
104951,C
104952,D
104953,D
104954,C
104955,C
104956,D
104957,D
104958,C
104959,B
104960,B
104961,B
104962,C
104963,C
104964,A
104965,A
104966,B
104967,D
104968,C
104969,C
104970,C
104971,D
104972,A
104973,D
104974,B
104975,B
104976,D
104977,C
104978,B
104979,D
104980,A
104981,D
104982,D
104983,B
104984,B
104985,D
104986,B
104987,A
104988,D
104989,A
104990,B
104991,C
104992,C
104993,D
104994,B
104995,A
104996,A
104997,A
104998,D
104999,C
105000,A
105001,D
105002,C
105003,D
105004,C
105005,B
105006,A
105007,C
105008,B
105009,A
105010,D
105011,C
105012,C
105013,C
105014,C
105015,C
105016,C
105017,D
105018,D
105019,A
105020,A
105021,D
105022,C
105023,C
105024,B
105025,C
105026,B
105027,C
105028,D
105029,A
105030,D
105031,A
105032,C
105033,D
105034,C
105035,B
105036,D
105037,A
105038,D
105039,D
105040,B
105041,B
105042,A
105043,D
105044,A
105045,B
105046,C
105047,C
105048,B
105049,A
105050,A
105051,C
105052,C
105053,C
105054,A
105055,D
105056,A
105057,B
105058,D
105059,A
105060,B
105061,A
105062,B
105063,B
105064,A
105065,D
105066,D
105067,D
105068,C
105069,C
105070,D
105071,B
105072,C
105073,C
105074,A
105075,C
105076,D
105077,C
105078,A
105079,D
105080,A
105081,C
105082,C
105083,C
105084,D
105085,D
105086,D
105087,A
105088,C
105089,D
105090,B
105091,A
105092,B
105093,D
105094,D
105095,A
105096,B
105097,D
105098,B
105099,B
105100,D
105101,C
105102,C
105103,C
105104,C
105105,B
105106,C
105107,D
105108,C
105109,A
105110,A
105111,A
105112,D
105113,A
105114,D
105115,D
105116,D
105117,A
105118,B
105119,B
105120,B
105121,D
105122,B
105123,D
105124,B
105125,C
105126,B
105127,C
105128,C
105129,B
105130,A
105131,D
105132,B
105133,C
105134,A
105135,B
105136,C
105137,D
105138,D
105139,B
105140,C
105141,A
105142,B
105143,B
105144,D
105145,A
105146,B
105147,B
105148,D
105149,B
105150,A
105151,B
105152,C
105153,D
105154,C
105155,C
105156,A
105157,D
105158,B
105159,C
105160,B
105161,B
105162,A
105163,B
105164,B
105165,B
105166,C
105167,B
105168,B
105169,B
105170,D
105171,B
105172,A
105173,A
105174,D
105175,B
105176,B
105177,A
105178,C
105179,C
105180,C
105181,D
105182,A
105183,D
105184,D
105185,B
105186,C
105187,B
105188,A
105189,A
105190,A
105191,D
105192,A
105193,D
105194,C
105195,A
105196,D
105197,B
105198,C
105199,D
105200,B
105201,D
105202,A
105203,B
105204,A
105205,A
105206,C
105207,A
105208,A
105209,B
105210,A
105211,C
105212,B
105213,A
105214,C
105215,C
105216,B
105217,D
105218,C
105219,A
105220,D
105221,A
105222,A
105223,B
105224,D
105225,A
105226,A
105227,C
105228,D
105229,A
105230,D
105231,D
105232,D
105233,D
105234,D
105235,B
105236,C
105237,C
105238,A
105239,B
105240,A
105241,C
105242,D
105243,B
105244,A
105245,B
105246,C
105247,C
105248,D
105249,D
105250,B
105251,A
105252,A
105253,C
105254,D
105255,A
105256,B
105257,B
105258,B
105259,D
105260,A
105261,B
105262,B
105263,A
105264,A
105265,A
105266,D
105267,B
105268,B
105269,D
105270,A
105271,D
105272,A
105273,D
105274,A
105275,B
105276,B
105277,C
105278,B
105279,A
105280,B
105281,D
105282,B
105283,B
105284,D
105285,A
105286,A
105287,D
105288,A
105289,A
105290,B
105291,D
105292,C
105293,B
105294,B
105295,A
105296,C
105297,C
105298,D
105299,D
105300,C
105301,A
105302,B
105303,B
105304,D
105305,D
105306,D
105307,C
105308,D
105309,A
105310,D
105311,A
105312,D
105313,B
105314,A
105315,B
105316,A
105317,D
105318,B
105319,D
105320,B
105321,B
105322,D
105323,B
105324,B
105325,C
105326,D
105327,B
105328,A
105329,C
105330,B
105331,B
105332,D
105333,A
105334,D
105335,C
105336,B
105337,D
105338,D
105339,B
105340,A
105341,B
105342,D
105343,B
105344,B
105345,C
105346,A
105347,C
105348,A
105349,C
105350,B
105351,A
105352,B
105353,C
105354,D
105355,C
105356,D
105357,D
105358,C
105359,C
105360,D
105361,A
105362,D
105363,D
105364,A
105365,D
105366,D
105367,D
105368,D
105369,C
105370,B
105371,C
105372,B
105373,A
105374,B
105375,C
105376,A
105377,C
105378,D
105379,D
105380,C
105381,B
105382,B
105383,A
105384,A
105385,D
105386,A
105387,D
105388,D
105389,D
105390,A
105391,B
105392,D
105393,C
105394,D
105395,C
105396,C
105397,C
105398,C
105399,C
105400,C
105401,C
105402,B
105403,C
105404,A
105405,A
105406,D
105407,A
105408,A
105409,D
105410,D
105411,B
105412,A
105413,D
105414,A
105415,D
105416,B
105417,D
105418,D
105419,A
105420,C
105421,A
105422,D
105423,C
105424,B
105425,C
105426,C
105427,C
105428,C
105429,D
105430,C
105431,D
105432,C
105433,B
105434,C
105435,A
105436,D
105437,A
105438,B
105439,B
105440,C
105441,C
105442,C
105443,B
105444,D
105445,D
105446,A
105447,A
105448,A
105449,A
105450,A
105451,C
105452,C
105453,C
105454,D
105455,B
105456,D
105457,C
105458,C
105459,A
105460,A
105461,A
105462,B
105463,B
105464,D
105465,C
105466,D
105467,A
105468,D
105469,A
105470,D
105471,D
105472,B
105473,D
105474,C
105475,D
105476,C
105477,B
105478,D
105479,C
105480,A
105481,A
105482,C
105483,D
105484,C
105485,B
105486,A
105487,C
105488,B
105489,B
105490,C
105491,D
105492,C
105493,D
105494,D
105495,C
105496,A
105497,A
105498,A
105499,B
105500,C
105501,C
105502,A
105503,D
105504,C
105505,C
105506,A
105507,B
105508,D
105509,B
105510,C
105511,D
105512,C
105513,D
105514,A
105515,B
105516,B
105517,C
105518,D
105519,B
105520,D
105521,B
105522,B
105523,A
105524,C
105525,D
105526,A
105527,D
105528,A
105529,D
105530,D
105531,A
105532,A
105533,B
105534,B
105535,D
105536,D
105537,C
105538,C
105539,D
105540,A
105541,D
105542,B
105543,C
105544,C
105545,D
105546,B
105547,A
105548,D
105549,C
105550,C
105551,C
105552,C
105553,A
105554,A
105555,C
105556,A
105557,A
105558,B
105559,D
105560,C
105561,B
105562,C
105563,D
105564,C
105565,D
105566,A
105567,B
105568,D
105569,C
105570,D
105571,B
105572,A
105573,C
105574,C
105575,C
105576,B
105577,D
105578,A
105579,B
105580,D
105581,A
105582,C
105583,A
105584,D
105585,B
105586,B
105587,D
105588,A
105589,B
105590,C
105591,B
105592,B
105593,C
105594,A
105595,D
105596,D
105597,C
105598,A
105599,D
105600,B
105601,C
105602,D
105603,C
105604,D
105605,B
105606,B
105607,A
105608,B
105609,B
105610,B
105611,D
105612,D
105613,B
105614,C
105615,C
105616,A
105617,C
105618,A
105619,C
105620,D
105621,B
105622,C
105623,D
105624,D
105625,B
105626,B
105627,D
105628,D
105629,C
105630,B
105631,C
105632,D
105633,B
105634,A
105635,D
105636,A
105637,B
105638,C
105639,A
105640,C
105641,A
105642,A
105643,B
105644,C
105645,C
105646,B
105647,B
105648,D
105649,A
105650,C
105651,A
105652,A
105653,A
105654,B
105655,B
105656,B
105657,C
105658,A
105659,D
105660,C
105661,A
105662,C
105663,C
105664,A
105665,A
105666,D
105667,D
105668,A
105669,A
105670,B
105671,B
105672,D
105673,A
105674,A
105675,C
105676,A
105677,D
105678,D
105679,C
105680,B
105681,B
105682,C
105683,A
105684,A
105685,D
105686,C
105687,B
105688,D
105689,D
105690,D
105691,A
105692,A
105693,B
105694,A
105695,B
105696,C
105697,C
105698,D
105699,C
105700,A
105701,B
105702,B
105703,A
105704,D
105705,B
105706,C
105707,C
105708,D
105709,A
105710,A
105711,D
105712,C
105713,C
105714,D
105715,A
105716,C
105717,B
105718,C
105719,C
105720,B
105721,B
105722,D
105723,D
105724,D
105725,C
105726,D
105727,D
105728,D
105729,C
105730,C
105731,C
105732,C
105733,C
105734,A
105735,C
105736,B
105737,D
105738,A
105739,C
105740,D
105741,A
105742,D
105743,C
105744,D
105745,A
105746,D
105747,D
105748,C
105749,D
105750,B
105751,B
105752,D
105753,D
105754,C
105755,D
105756,A
105757,D
105758,A
105759,D
105760,D
105761,C
105762,D
105763,C
105764,A
105765,C
105766,D
105767,B
105768,D
105769,B
105770,C
105771,C
105772,A
105773,B
105774,A
105775,D
105776,A
105777,B
105778,C
105779,A
105780,C
105781,D
105782,C
105783,A
105784,A
105785,C
105786,A
105787,A
105788,C
105789,A
105790,A
105791,B
105792,D
105793,C
105794,B
105795,D
105796,B
105797,D
105798,B
105799,A
105800,B
105801,A
105802,B
105803,B
105804,B
105805,D
105806,B
105807,C
105808,B
105809,A
105810,B
105811,D
105812,D
105813,A
105814,C
105815,B
105816,D
105817,A
105818,B
105819,A
105820,C
105821,B
105822,A
105823,B
105824,B
105825,B
105826,C
105827,B
105828,A
105829,C
105830,C
105831,C
105832,D
105833,A
105834,B
105835,B
105836,B
105837,C
105838,A
105839,A
105840,D
105841,B
105842,A
105843,A
105844,A
105845,D
105846,C
105847,C
105848,B
105849,B
105850,D
105851,C
105852,A
105853,C
105854,C
105855,D
105856,D
105857,B
105858,B
105859,A
105860,A
105861,C
105862,B
105863,A
105864,D
105865,A
105866,C
105867,A
105868,A
105869,C
105870,C
105871,C
105872,C
105873,B
105874,A
105875,B
105876,D
105877,B
105878,C
105879,A
105880,C
105881,B
105882,B
105883,B
105884,B
105885,D
105886,A
105887,A
105888,B
105889,D
105890,D
105891,A
105892,C
105893,A
105894,D
105895,C
105896,A
105897,B
105898,C
105899,D
105900,D
105901,B
105902,B
105903,A
105904,C
105905,C
105906,A
105907,A
105908,A
105909,A
105910,C
105911,D
105912,D
105913,A
105914,A
105915,A
105916,B
105917,A
105918,A
105919,B
105920,A
105921,B
105922,A
105923,D
105924,B
105925,D
105926,C
105927,B
105928,A
105929,D
105930,B
105931,D
105932,D
105933,A
105934,C
105935,C
105936,D
105937,C
105938,D
105939,D
105940,A
105941,D
105942,C
105943,D
105944,C
105945,D
105946,B
105947,B
105948,C
105949,A
105950,D
105951,A
105952,D
105953,D
105954,A
105955,C
105956,C
105957,B
105958,B
105959,D
105960,C
105961,D
105962,A
105963,A
105964,B
105965,D
105966,B
105967,A
105968,C
105969,B
105970,C
105971,D
105972,C
105973,A
105974,B
105975,A
105976,D
105977,A
105978,C
105979,A
105980,D
105981,A
105982,D
105983,B
105984,D
105985,D
105986,D
105987,A
105988,B
105989,B
105990,A
105991,D
105992,C
105993,B
105994,D
105995,B
105996,C
105997,C
105998,A
105999,B
106000,D
106001,D
106002,C
106003,C
106004,D
106005,B
106006,B
106007,D
106008,A
106009,C
106010,C
106011,A
106012,C
106013,B
106014,D
106015,C
106016,A
106017,A
106018,B
106019,C
106020,D
106021,C
106022,A
106023,A
106024,C
106025,D
106026,C
106027,B
106028,A
106029,C
106030,D
106031,B
106032,C
106033,D
106034,B
106035,D
106036,C
106037,B
106038,C
106039,D
106040,C
106041,B
106042,C
106043,C
106044,C
106045,D
106046,D
106047,C
106048,A
106049,B
106050,C
106051,C
106052,C
106053,A
106054,B
106055,D
106056,D
106057,A
106058,D
106059,A
106060,C
106061,C
106062,C
106063,A
106064,B
106065,A
106066,D
106067,B
106068,D
106069,A
106070,B
106071,C
106072,A
106073,A
106074,C
106075,D
106076,C
106077,C
106078,D
106079,A
106080,A
106081,D
106082,C
106083,C
106084,A
106085,D
106086,C
106087,D
106088,D
106089,A
106090,B
106091,D
106092,A
106093,D
106094,D
106095,A
106096,D
106097,D
106098,B
106099,A
106100,B
106101,D
106102,A
106103,B
106104,A
106105,D
106106,A
106107,A
106108,B
106109,B
106110,C
106111,D
106112,A
106113,A
106114,C
106115,A
106116,A
106117,B
106118,D
106119,D
106120,B
106121,A
106122,A
106123,B
106124,D
106125,A
106126,A
106127,B
106128,C
106129,B
106130,A
106131,C
106132,C
106133,D
106134,C
106135,D
106136,D
106137,A
106138,C
106139,A
106140,D
106141,A
106142,D
106143,D
106144,D
106145,C
106146,B
106147,B
106148,C
106149,D
106150,D
106151,B
106152,A
106153,D
106154,A
106155,A
106156,B
106157,C
106158,A
106159,B
106160,B
106161,D
106162,B
106163,A
106164,C
106165,A
106166,D
106167,B
106168,D
106169,B
106170,A
106171,C
106172,B
106173,D
106174,D
106175,D
106176,C
106177,C
106178,C
106179,D
106180,D
106181,B
106182,B
106183,C
106184,B
106185,D
106186,D
106187,C
106188,A
106189,B
106190,D
106191,C
106192,A
106193,C
106194,A
106195,C
106196,C
106197,A
106198,D
106199,D
106200,A
106201,D
106202,D
106203,C
106204,A
106205,A
106206,B
106207,B
106208,D
106209,A
106210,C
106211,C
106212,B
106213,D
106214,B
106215,D
106216,D
106217,D
106218,D
106219,B
106220,A
106221,A
106222,C
106223,C
106224,B
106225,D
106226,B
106227,B
106228,B
106229,A
106230,B
106231,C
106232,A
106233,A
106234,D
106235,A
106236,C
106237,A
106238,A
106239,B
106240,B
106241,C
106242,C
106243,D
106244,D
106245,D
106246,C
106247,B
106248,B
106249,D
106250,C
106251,A
106252,B
106253,D
106254,C
106255,B
106256,B
106257,A
106258,C
106259,B
106260,C
106261,C
106262,C
106263,C
106264,B
106265,D
106266,D
106267,A
106268,C
106269,C
106270,D
106271,C
106272,D
106273,D
106274,D
106275,C
106276,D
106277,B
106278,C
106279,D
106280,A
106281,D
106282,C
106283,C
106284,D
106285,B
106286,B
106287,B
106288,B
106289,D
106290,C
106291,B
106292,A
106293,A
106294,B
106295,D
106296,C
106297,A
106298,C
106299,D
106300,D
106301,B
106302,B
106303,A
106304,B
106305,D
106306,D
106307,A
106308,C
106309,D
106310,C
106311,C
106312,B
106313,B
106314,C
106315,A
106316,A
106317,D
106318,D
106319,B
106320,B
106321,C
106322,A
106323,C
106324,B
106325,B
106326,B
106327,D
106328,A
106329,A
106330,D
106331,C
106332,B
106333,B
106334,C
106335,B
106336,D
106337,C
106338,D
106339,D
106340,A
106341,B
106342,D
106343,D
106344,C
106345,B
106346,B
106347,A
106348,A
106349,A
106350,C
106351,B
106352,B
106353,B
106354,B
106355,D
106356,D
106357,B
106358,C
106359,D
106360,D
106361,D
106362,D
106363,C
106364,B
106365,D
106366,A
106367,B
106368,A
106369,D
106370,A
106371,C
106372,C
106373,B
106374,C
106375,B
106376,D
106377,C
106378,C
106379,C
106380,D
106381,C
106382,B
106383,C
106384,B
106385,A
106386,B
106387,C
106388,A
106389,D
106390,D
106391,D
106392,A
106393,D
106394,A
106395,C
106396,B
106397,B
106398,C
106399,A
106400,C
106401,D
106402,B
106403,A
106404,A
106405,A
106406,C
106407,C
106408,B
106409,D
106410,B
106411,D
106412,D
106413,A
106414,A
106415,A
106416,A
106417,D
106418,B
106419,A
106420,C
106421,C
106422,B
106423,C
106424,A
106425,D
106426,D
106427,A
106428,B
106429,A
106430,D
106431,D
106432,D
106433,D
106434,C
106435,A
106436,C
106437,C
106438,B
106439,D
106440,B
106441,B
106442,D
106443,A
106444,A
106445,C
106446,C
106447,A
106448,B
106449,A
106450,C
106451,D
106452,C
106453,A
106454,D
106455,C
106456,D
106457,D
106458,A
106459,B
106460,D
106461,C
106462,D
106463,B
106464,A
106465,B
106466,B
106467,D
106468,D
106469,C
106470,D
106471,C
106472,B
106473,A
106474,A
106475,C
106476,C
106477,A
106478,A
106479,D
106480,B
106481,A
106482,B
106483,D
106484,C
106485,B
106486,A
106487,B
106488,A
106489,A
106490,D
106491,C
106492,B
106493,B
106494,C
106495,C
106496,D
106497,A
106498,A
106499,A
106500,C
106501,B
106502,A
106503,B
106504,B
106505,A
106506,A
106507,A
106508,D
106509,A
106510,D
106511,C
106512,A
106513,D
106514,B
106515,A
106516,D
106517,D
106518,B
106519,C
106520,D
106521,D
106522,A
106523,B
106524,D
106525,B
106526,D
106527,A
106528,C
106529,D
106530,D
106531,C
106532,A
106533,D
106534,B
106535,C
106536,C
106537,C
106538,C
106539,B
106540,A
106541,C
106542,C
106543,C
106544,C
106545,D
106546,B
106547,A
106548,A
106549,A
106550,D
106551,B
106552,B
106553,B
106554,D
106555,A
106556,B
106557,C
106558,B
106559,D
106560,C
106561,D
106562,D
106563,D
106564,B
106565,C
106566,C
106567,B
106568,A
106569,B
106570,B
106571,D
106572,D
106573,D
106574,A
106575,A
106576,C
106577,C
106578,A
106579,A
106580,D
106581,B
106582,A
106583,B
106584,D
106585,B
106586,A
106587,B
106588,B
106589,D
106590,B
106591,B
106592,B
106593,A
106594,B
106595,C
106596,C
106597,B
106598,C
106599,C
106600,B
106601,D
106602,B
106603,C
106604,A
106605,A
106606,D
106607,B
106608,D
106609,C
106610,B
106611,A
106612,A
106613,B
106614,D
106615,C
106616,A
106617,A
106618,C
106619,A
106620,C
106621,C
106622,B
106623,D
106624,B
106625,B
106626,D
106627,D
106628,C
106629,C
106630,C
106631,D
106632,D
106633,C
106634,D
106635,B
106636,A
106637,C
106638,D
106639,B
106640,C
106641,B
106642,A
106643,B
106644,C
106645,C
106646,B
106647,B
106648,D
106649,B
106650,A
106651,C
106652,A
106653,D
106654,A
106655,A
106656,C
106657,A
106658,D
106659,C
106660,C
106661,A
106662,A
106663,C
106664,C
106665,D
106666,A
106667,A
106668,A
106669,A
106670,A
106671,B
106672,C
106673,B
106674,C
106675,B
106676,A
106677,B
106678,A
106679,C
106680,D
106681,D
106682,A
106683,D
106684,C
106685,C
106686,C
106687,C
106688,B
106689,A
106690,A
106691,B
106692,A
106693,B
106694,A
106695,C
106696,A
106697,B
106698,C
106699,D
106700,C
106701,A
106702,C
106703,D
106704,A
106705,C
106706,A
106707,B
106708,D
106709,A
106710,A
106711,D
106712,B
106713,D
106714,C
106715,B
106716,C
106717,B
106718,C
106719,A
106720,D
106721,A
106722,A
106723,A
106724,A
106725,C
106726,A
106727,B
106728,B
106729,C
106730,D
106731,A
106732,C
106733,A
106734,C
106735,A
106736,A
106737,A
106738,D
106739,D
106740,D
106741,B
106742,B
106743,B
106744,C
106745,D
106746,B
106747,C
106748,D
106749,C
106750,D
106751,D
106752,C
106753,C
106754,D
106755,B
106756,D
106757,A
106758,A
106759,D
106760,C
106761,A
106762,A
106763,D
106764,C
106765,D
106766,C
106767,D
106768,B
106769,A
106770,C
106771,D
106772,B
106773,A
106774,D
106775,D
106776,A
106777,A
106778,C
106779,B
106780,D
106781,B
106782,D
106783,B
106784,A
106785,A
106786,B
106787,C
106788,C
106789,D
106790,A
106791,B
106792,D
106793,C
106794,A
106795,C
106796,D
106797,A
106798,D
106799,D
106800,D
106801,B
106802,D
106803,A
106804,B
106805,A
106806,A
106807,B
106808,A
106809,B
106810,C
106811,A
106812,A
106813,B
106814,A
106815,B
106816,D
106817,A
106818,D
106819,D
106820,A
106821,B
106822,C
106823,D
106824,D
106825,D
106826,B
106827,D
106828,D
106829,A
106830,D
106831,C
106832,A
106833,A
106834,A
106835,A
106836,C
106837,A
106838,C
106839,B
106840,D
106841,A
106842,B
106843,C
106844,D
106845,D
106846,D
106847,A
106848,A
106849,B
106850,D
106851,B
106852,C
106853,A
106854,B
106855,D
106856,C
106857,A
106858,A
106859,A
106860,A
106861,C
106862,D
106863,C
106864,B
106865,D
106866,D
106867,A
106868,D
106869,C
106870,C
106871,D
106872,C
106873,A
106874,B
106875,A
106876,A
106877,B
106878,D
106879,C
106880,C
106881,D
106882,D
106883,B
106884,D
106885,A
106886,D
106887,D
106888,D
106889,B
106890,B
106891,C
106892,C
106893,D
106894,C
106895,A
106896,C
106897,A
106898,A
106899,D
106900,B
106901,D
106902,A
106903,B
106904,D
106905,D
106906,A
106907,B
106908,A
106909,D
106910,A
106911,D
106912,B
106913,A
106914,B
106915,A
106916,D
106917,B
106918,B
106919,C
106920,C
106921,C
106922,D
106923,D
106924,B
106925,B
106926,D
106927,B
106928,D
106929,C
106930,D
106931,A
106932,A
106933,D
106934,D
106935,D
106936,D
106937,C
106938,A
106939,C
106940,A
106941,A
106942,A
106943,D
106944,C
106945,D
106946,C
106947,D
106948,C
106949,B
106950,C
106951,B
106952,A
106953,A
106954,D
106955,B
106956,C
106957,B
106958,C
106959,A
106960,A
106961,D
106962,D
106963,C
106964,B
106965,B
106966,D
106967,A
106968,A
106969,C
106970,A
106971,B
106972,C
106973,C
106974,C
106975,C
106976,D
106977,B
106978,B
106979,B
106980,A
106981,A
106982,D
106983,C
106984,A
106985,D
106986,C
106987,D
106988,A
106989,B
106990,A
106991,D
106992,C
106993,C
106994,D
106995,A
106996,C
106997,B
106998,A
106999,B
107000,D
107001,A
107002,B
107003,C
107004,A
107005,A
107006,D
107007,D
107008,D
107009,B
107010,B
107011,A
107012,A
107013,B
107014,D
107015,C
107016,A
107017,C
107018,A
107019,D
107020,D
107021,D
107022,A
107023,D
107024,A
107025,B
107026,C
107027,B
107028,C
107029,C
107030,A
107031,D
107032,C
107033,D
107034,D
107035,B
107036,B
107037,C
107038,D
107039,B
107040,A
107041,D
107042,B
107043,A
107044,C
107045,A
107046,A
107047,B
107048,C
107049,A
107050,A
107051,B
107052,C
107053,A
107054,B
107055,B
107056,D
107057,B
107058,D
107059,D
107060,A
107061,A
107062,C
107063,D
107064,A
107065,B
107066,C
107067,C
107068,D
107069,C
107070,B
107071,B
107072,D
107073,A
107074,D
107075,A
107076,B
107077,D
107078,D
107079,D
107080,A
107081,B
107082,C
107083,B
107084,A
107085,B
107086,D
107087,B
107088,C
107089,D
107090,B
107091,A
107092,C
107093,C
107094,A
107095,A
107096,A
107097,C
107098,A
107099,A
107100,B
107101,B
107102,A
107103,B
107104,C
107105,C
107106,A
107107,D
107108,D
107109,D
107110,A
107111,B
107112,A
107113,B
107114,C
107115,A
107116,C
107117,B
107118,D
107119,D
107120,B
107121,C
107122,A
107123,A
107124,D
107125,B
107126,B
107127,D
107128,A
107129,A
107130,A
107131,C
107132,B
107133,D
107134,D
107135,A
107136,A
107137,A
107138,D
107139,D
107140,A
107141,B
107142,A
107143,B
107144,A
107145,D
107146,A
107147,D
107148,A
107149,C
107150,D
107151,A
107152,D
107153,A
107154,C
107155,D
107156,A
107157,B
107158,D
107159,B
107160,B
107161,B
107162,B
107163,D
107164,B
107165,C
107166,A
107167,C
107168,B
107169,C
107170,C
107171,C
107172,A
107173,D
107174,B
107175,D
107176,C
107177,A
107178,B
107179,D
107180,C
107181,A
107182,D
107183,A
107184,D
107185,A
107186,B
107187,A
107188,B
107189,A
107190,D
107191,A
107192,D
107193,B
107194,B
107195,B
107196,A
107197,D
107198,D
107199,D
107200,B
107201,C
107202,D
107203,B
107204,D
107205,A
107206,D
107207,B
107208,B
107209,B
107210,C
107211,D
107212,A
107213,C
107214,D
107215,B
107216,C
107217,A
107218,B
107219,C
107220,B
107221,D
107222,A
107223,A
107224,C
107225,B
107226,B
107227,C
107228,B
107229,A
107230,A
107231,B
107232,C
107233,D
107234,D
107235,C
107236,A
107237,C
107238,A
107239,A
107240,B
107241,C
107242,B
107243,C
107244,B
107245,C
107246,D
107247,B
107248,C
107249,D
107250,B
107251,A
107252,A
107253,D
107254,A
107255,C
107256,C
107257,A
107258,C
107259,D
107260,C
107261,B
107262,D
107263,D
107264,B
107265,C
107266,D
107267,D
107268,B
107269,A
107270,B
107271,D
107272,C
107273,D
107274,B
107275,A
107276,C
107277,C
107278,A
107279,D
107280,D
107281,B
107282,A
107283,A
107284,A
107285,D
107286,C
107287,B
107288,D
107289,A
107290,A
107291,A
107292,C
107293,A
107294,D
107295,C
107296,B
107297,B
107298,D
107299,A
107300,A
107301,A
107302,C
107303,D
107304,C
107305,D
107306,A
107307,A
107308,C
107309,B
107310,A
107311,B
107312,D
107313,D
107314,A
107315,C
107316,D
107317,A
107318,B
107319,D
107320,B
107321,D
107322,C
107323,B
107324,A
107325,B
107326,C
107327,C
107328,A
107329,C
107330,B
107331,C
107332,D
107333,D
107334,A
107335,A
107336,C
107337,D
107338,D
107339,D
107340,A
107341,A
107342,C
107343,A
107344,A
107345,A
107346,A
107347,B
107348,C
107349,D
107350,C
107351,A
107352,C
107353,A
107354,C
107355,B
107356,D
107357,B
107358,D
107359,A
107360,A
107361,C
107362,C
107363,D
107364,C
107365,C
107366,A
107367,A
107368,A
107369,A
107370,B
107371,B
107372,A
107373,C
107374,C
107375,A
107376,D
107377,B
107378,A
107379,B
107380,A
107381,D
107382,D
107383,B
107384,C
107385,B
107386,A
107387,D
107388,A
107389,C
107390,D
107391,C
107392,B
107393,C
107394,A
107395,C
107396,D
107397,D
107398,D
107399,B
107400,D
107401,D
107402,B
107403,A
107404,B
107405,D
107406,D
107407,C
107408,C
107409,D
107410,D
107411,B
107412,D
107413,C
107414,C
107415,C
107416,A
107417,B
107418,A
107419,D
107420,D
107421,C
107422,D
107423,B
107424,C
107425,D
107426,C
107427,B
107428,A
107429,C
107430,A
107431,A
107432,A
107433,A
107434,C
107435,B
107436,B
107437,B
107438,D
107439,D
107440,A
107441,C
107442,B
107443,D
107444,C
107445,D
107446,C
107447,D
107448,C
107449,B
107450,C
107451,A
107452,C
107453,C
107454,A
107455,A
107456,C
107457,C
107458,B
107459,D
107460,C
107461,A
107462,A
107463,B
107464,D
107465,A
107466,B
107467,D
107468,A
107469,C
107470,A
107471,B
107472,C
107473,B
107474,A
107475,B
107476,A
107477,D
107478,A
107479,A
107480,A
107481,C
107482,C
107483,A
107484,D
107485,C
107486,D
107487,A
107488,A
107489,B
107490,A
107491,A
107492,A
107493,A
107494,C
107495,D
107496,A
107497,A
107498,D
107499,D
107500,D
107501,B
107502,A
107503,B
107504,C
107505,D
107506,C
107507,A
107508,C
107509,C
107510,D
107511,A
107512,A
107513,B
107514,D
107515,A
107516,C
107517,A
107518,B
107519,A
107520,A
107521,D
107522,B
107523,A
107524,D
107525,A
107526,B
107527,D
107528,B
107529,A
107530,B
107531,C
107532,D
107533,B
107534,D
107535,C
107536,A
107537,A
107538,A
107539,C
107540,B
107541,A
107542,C
107543,C
107544,B
107545,A
107546,A
107547,C
107548,B
107549,D
107550,C
107551,C
107552,B
107553,A
107554,B
107555,D
107556,A
107557,D
107558,C
107559,B
107560,A
107561,A
107562,A
107563,A
107564,A
107565,B
107566,D
107567,D
107568,D
107569,A
107570,C
107571,B
107572,C
107573,D
107574,B
107575,C
107576,C
107577,B
107578,A
107579,D
107580,A
107581,A
107582,B
107583,D
107584,B
107585,A
107586,C
107587,D
107588,D
107589,B
107590,A
107591,A
107592,A
107593,D
107594,A
107595,D
107596,A
107597,C
107598,B
107599,D
107600,A
107601,C
107602,A
107603,B
107604,D
107605,B
107606,C
107607,C
107608,B
107609,A
107610,B
107611,C
107612,D
107613,A
107614,B
107615,C
107616,A
107617,A
107618,A
107619,D
107620,D
107621,A
107622,B
107623,A
107624,A
107625,A
107626,C
107627,B
107628,D
107629,B
107630,D
107631,B
107632,A
107633,D
107634,B
107635,C
107636,B
107637,A
107638,D
107639,B
107640,D
107641,D
107642,A
107643,A
107644,C
107645,A
107646,A
107647,A
107648,A
107649,A
107650,C
107651,C
107652,B
107653,D
107654,D
107655,C
107656,C
107657,A
107658,C
107659,A
107660,C
107661,C
107662,B
107663,B
107664,A
107665,A
107666,D
107667,B
107668,D
107669,B
107670,A
107671,B
107672,B
107673,D
107674,C
107675,C
107676,B
107677,B
107678,A
107679,C
107680,A
107681,B
107682,D
107683,A
107684,D
107685,D
107686,A
107687,C
107688,A
107689,D
107690,A
107691,A
107692,D
107693,D
107694,A
107695,D
107696,C
107697,A
107698,D
107699,C
107700,D
107701,A
107702,D
107703,D
107704,B
107705,D
107706,C
107707,C
107708,B
107709,C
107710,B
107711,B
107712,C
107713,D
107714,B
107715,B
107716,C
107717,C
107718,C
107719,D
107720,D
107721,D
107722,A
107723,A
107724,B
107725,C
107726,C
107727,A
107728,D
107729,D
107730,C
107731,B
107732,D
107733,B
107734,B
107735,C
107736,A
107737,B
107738,D
107739,B
107740,B
107741,A
107742,A
107743,A
107744,C
107745,A
107746,A
107747,B
107748,D
107749,A
107750,C
107751,D
107752,D
107753,A
107754,D
107755,A
107756,C
107757,B
107758,B
107759,C
107760,A
107761,D
107762,C
107763,A
107764,D
107765,D
107766,C
107767,D
107768,C
107769,A
107770,B
107771,A
107772,C
107773,C
107774,A
107775,C
107776,D
107777,D
107778,A
107779,C
107780,A
107781,D
107782,D
107783,B
107784,B
107785,B
107786,B
107787,C
107788,C
107789,A
107790,D
107791,B
107792,B
107793,C
107794,D
107795,C
107796,C
107797,B
107798,C
107799,B
107800,C
107801,C
107802,B
107803,A
107804,C
107805,A
107806,D
107807,D
107808,C
107809,C
107810,A
107811,B
107812,D
107813,B
107814,B
107815,C
107816,C
107817,D
107818,A
107819,B
107820,D
107821,B
107822,D
107823,B
107824,C
107825,B
107826,A
107827,B
107828,C
107829,B
107830,B
107831,A
107832,A
107833,C
107834,C
107835,D
107836,A
107837,C
107838,D
107839,C
107840,D
107841,C
107842,A
107843,D
107844,C
107845,A
107846,B
107847,B
107848,A
107849,B
107850,A
107851,C
107852,C
107853,C
107854,B
107855,B
107856,D
107857,B
107858,A
107859,A
107860,B
107861,B
107862,C
107863,B
107864,C
107865,B
107866,D
107867,C
107868,A
107869,D
107870,B
107871,A
107872,A
107873,C
107874,A
107875,A
107876,A
107877,A
107878,C
107879,C
107880,C
107881,A
107882,D
107883,C
107884,D
107885,B
107886,B
107887,B
107888,B
107889,C
107890,A
107891,D
107892,D
107893,C
107894,C
107895,B
107896,B
107897,C
107898,D
107899,D
107900,D
107901,D
107902,C
107903,C
107904,B
107905,D
107906,B
107907,C
107908,D
107909,D
107910,A
107911,A
107912,A
107913,D
107914,A
107915,B
107916,A
107917,C
107918,B
107919,C
107920,D
107921,A
107922,B
107923,C
107924,C
107925,B
107926,C
107927,D
107928,A
107929,C
107930,D
107931,A
107932,D
107933,D
107934,B
107935,D
107936,D
107937,B
107938,C
107939,B
107940,C
107941,C
107942,C
107943,A
107944,B
107945,C
107946,D
107947,D
107948,D
107949,D
107950,C
107951,B
107952,A
107953,C
107954,D
107955,C
107956,B
107957,B
107958,B
107959,D
107960,D
107961,B
107962,C
107963,A
107964,B
107965,A
107966,D
107967,A
107968,D
107969,C
107970,B
107971,C
107972,B
107973,D
107974,D
107975,D
107976,B
107977,C
107978,B
107979,C
107980,A
107981,D
107982,C
107983,C
107984,A
107985,B
107986,C
107987,B
107988,D
107989,B
107990,D
107991,D
107992,B
107993,C
107994,C
107995,B
107996,C
107997,A
107998,C
107999,C
108000,C
108001,C
108002,D
108003,A
108004,D
108005,A
108006,D
108007,C
108008,C
108009,D
108010,C
108011,D
108012,B
108013,A
108014,B
108015,C
108016,B
108017,B
108018,B
108019,D
108020,A
108021,A
108022,B
108023,A
108024,A
108025,A
108026,C
108027,A
108028,B
108029,D
108030,B
108031,B
108032,B
108033,D
108034,B
108035,D
108036,C
108037,D
108038,D
108039,D
108040,C
108041,C
108042,A
108043,A
108044,A
108045,C
108046,D
108047,D
108048,D
108049,B
108050,C
108051,A
108052,C
108053,A
108054,D
108055,D
108056,B
108057,C
108058,C
108059,D
108060,C
108061,D
108062,D
108063,D
108064,C
108065,D
108066,D
108067,B
108068,A
108069,A
108070,B
108071,B
108072,A
108073,C
108074,B
108075,A
108076,D
108077,D
108078,B
108079,D
108080,C
108081,A
108082,D
108083,B
108084,B
108085,B
108086,C
108087,B
108088,B
108089,D
108090,C
108091,D
108092,C
108093,D
108094,A
108095,C
108096,C
108097,D
108098,B
108099,A
108100,A
108101,B
108102,C
108103,D
108104,B
108105,D
108106,D
108107,C
108108,D
108109,B
108110,C
108111,D
108112,B
108113,A
108114,C
108115,D
108116,B
108117,C
108118,C
108119,C
108120,A
108121,B
108122,A
108123,D
108124,B
108125,D
108126,C
108127,C
108128,B
108129,A
108130,A
108131,B
108132,A
108133,A
108134,B
108135,D
108136,D
108137,B
108138,B
108139,A
108140,B
108141,B
108142,B
108143,A
108144,C
108145,C
108146,C
108147,C
108148,D
108149,C
108150,D
108151,D
108152,D
108153,A
108154,A
108155,C
108156,A
108157,D
108158,A
108159,B
108160,D
108161,C
108162,D
108163,B
108164,B
108165,B
108166,D
108167,A
108168,B
108169,D
108170,B
108171,D
108172,A
108173,A
108174,C
108175,C
108176,D
108177,A
108178,A
108179,D
108180,C
108181,C
108182,C
108183,D
108184,C
108185,D
108186,D
108187,D
108188,D
108189,C
108190,B
108191,A
108192,C
108193,C
108194,C
108195,A
108196,D
108197,A
108198,B
108199,D
108200,A
108201,C
108202,B
108203,D
108204,C
108205,B
108206,D
108207,B
108208,C
108209,D
108210,B
108211,A
108212,C
108213,B
108214,D
108215,B
108216,C
108217,C
108218,A
108219,A
108220,D
108221,C
108222,C
108223,D
108224,D
108225,C
108226,A
108227,A
108228,B
108229,A
108230,A
108231,D
108232,C
108233,B
108234,C
108235,C
108236,D
108237,C
108238,D
108239,A
108240,A
108241,B
108242,A
108243,A
108244,C
108245,A
108246,B
108247,D
108248,C
108249,D
108250,B
108251,B
108252,B
108253,C
108254,C
108255,A
108256,D
108257,D
108258,B
108259,B
108260,A
108261,B
108262,C
108263,D
108264,A
108265,C
108266,C
108267,C
108268,D
108269,C
108270,A
108271,D
108272,B
108273,B
108274,B
108275,D
108276,B
108277,D
108278,C
108279,B
108280,D
108281,C
108282,C
108283,B
108284,A
108285,A
108286,B
108287,A
108288,B
108289,C
108290,D
108291,D
108292,B
108293,D
108294,D
108295,B
108296,A
108297,D
108298,C
108299,D
108300,B
108301,A
108302,D
108303,C
108304,B
108305,C
108306,D
108307,D
108308,A
108309,D
108310,C
108311,C
108312,B
108313,A
108314,A
108315,B
108316,D
108317,A
108318,A
108319,A
108320,A
108321,D
108322,A
108323,B
108324,D
108325,A
108326,D
108327,B
108328,B
108329,D
108330,B
108331,B
108332,A
108333,C
108334,B
108335,C
108336,B
108337,C
108338,D
108339,D
108340,B
108341,A
108342,C
108343,D
108344,A
108345,A
108346,D
108347,D
108348,B
108349,C
108350,B
108351,D
108352,D
108353,C
108354,B
108355,B
108356,C
108357,C
108358,A
108359,D
108360,A
108361,C
108362,A
108363,B
108364,C
108365,C
108366,B
108367,C
108368,C
108369,B
108370,C
108371,B
108372,B
108373,D
108374,C
108375,D
108376,C
108377,A
108378,D
108379,C
108380,B
108381,B
108382,A
108383,B
108384,C
108385,C
108386,D
108387,C
108388,D
108389,D
108390,C
108391,B
108392,D
108393,B
108394,A
108395,A
108396,B
108397,C
108398,A
108399,B
108400,D
108401,D
108402,B
108403,A
108404,A
108405,C
108406,A
108407,B
108408,D
108409,A
108410,D
108411,C
108412,A
108413,C
108414,D
108415,A
108416,D
108417,A
108418,C
108419,A
108420,C
108421,B
108422,D
108423,C
108424,A
108425,A
108426,B
108427,B
108428,C
108429,B
108430,A
108431,C
108432,D
108433,D
108434,B
108435,D
108436,B
108437,D
108438,A
108439,C
108440,C
108441,C
108442,D
108443,C
108444,D
108445,D
108446,D
108447,C
108448,A
108449,B
108450,C
108451,A
108452,A
108453,A
108454,A
108455,D
108456,B
108457,A
108458,A
108459,A
108460,A
108461,B
108462,B
108463,A
108464,A
108465,B
108466,B
108467,A
108468,A
108469,D
108470,D
108471,C
108472,C
108473,C
108474,A
108475,D
108476,A
108477,B
108478,B
108479,D
108480,A
108481,C
108482,C
108483,B
108484,D
108485,A
108486,D
108487,D
108488,C
108489,C
108490,A
108491,C
108492,A
108493,D
108494,C
108495,C
108496,B
108497,D
108498,A
108499,B
108500,C
108501,D
108502,B
108503,D
108504,B
108505,B
108506,B
108507,A
108508,C
108509,C
108510,A
108511,B
108512,D
108513,B
108514,D
108515,C
108516,C
108517,C
108518,A
108519,A
108520,D
108521,D
108522,C
108523,D
108524,A
108525,C
108526,C
108527,A
108528,A
108529,A
108530,B
108531,C
108532,C
108533,C
108534,B
108535,B
108536,D
108537,B
108538,D
108539,A
108540,A
108541,A
108542,D
108543,D
108544,D
108545,C
108546,B
108547,C
108548,D
108549,D
108550,B
108551,A
108552,D
108553,B
108554,D
108555,D
108556,C
108557,A
108558,A
108559,B
108560,D
108561,D
108562,D
108563,B
108564,C
108565,B
108566,C
108567,C
108568,C
108569,D
108570,B
108571,D
108572,B
108573,A
108574,C
108575,D
108576,B
108577,B
108578,C
108579,B
108580,D
108581,C
108582,D
108583,D
108584,B
108585,C
108586,A
108587,D
108588,B
108589,C
108590,D
108591,C
108592,B
108593,A
108594,B
108595,B
108596,A
108597,D
108598,B
108599,C
108600,B
108601,B
108602,B
108603,D
108604,C
108605,B
108606,B
108607,A
108608,B
108609,A
108610,C
108611,D
108612,A
108613,A
108614,A
108615,B
108616,D
108617,C
108618,D
108619,C
108620,A
108621,A
108622,C
108623,B
108624,C
108625,D
108626,C
108627,D
108628,D
108629,A
108630,D
108631,C
108632,A
108633,D
108634,D
108635,B
108636,C
108637,C
108638,D
108639,D
108640,D
108641,B
108642,B
108643,B
108644,D
108645,B
108646,C
108647,A
108648,A
108649,A
108650,D
108651,A
108652,C
108653,D
108654,C
108655,A
108656,A
108657,B
108658,C
108659,D
108660,B
108661,A
108662,D
108663,C
108664,A
108665,A
108666,D
108667,A
108668,B
108669,D
108670,D
108671,A
108672,A
108673,A
108674,B
108675,C
108676,C
108677,B
108678,C
108679,D
108680,C
108681,B
108682,B
108683,D
108684,B
108685,C
108686,A
108687,D
108688,C
108689,B
108690,D
108691,C
108692,C
108693,D
108694,D
108695,B
108696,D
108697,B
108698,B
108699,A
108700,B
108701,D
108702,C
108703,C
108704,C
108705,D
108706,B
108707,B
108708,D
108709,C
108710,B
108711,C
108712,C
108713,D
108714,D
108715,A
108716,A
108717,B
108718,D
108719,C
108720,B
108721,B
108722,B
108723,D
108724,B
108725,C
108726,C
108727,B
108728,A
108729,B
108730,D
108731,B
108732,D
108733,C
108734,C
108735,A
108736,D
108737,B
108738,A
108739,C
108740,B
108741,D
108742,C
108743,A
108744,A
108745,B
108746,D
108747,C
108748,D
108749,A
108750,B
108751,B
108752,D
108753,C
108754,C
108755,B
108756,B
108757,A
108758,C
108759,C
108760,B
108761,C
108762,C
108763,D
108764,C
108765,A
108766,B
108767,A
108768,D
108769,C
108770,C
108771,B
108772,D
108773,D
108774,B
108775,C
108776,A
108777,C
108778,B
108779,C
108780,D
108781,B
108782,D
108783,A
108784,D
108785,D
108786,D
108787,D
108788,D
108789,D
108790,D
108791,B
108792,B
108793,A
108794,C
108795,C
108796,D
108797,D
108798,D
108799,C
108800,C
108801,C
108802,B
108803,C
108804,C
108805,B
108806,C
108807,B
108808,D
108809,D
108810,C
108811,A
108812,C
108813,B
108814,C
108815,D
108816,C
108817,B
108818,B
108819,B
108820,A
108821,C
108822,A
108823,B
108824,A
108825,D
108826,A
108827,D
108828,A
108829,D
108830,A
108831,A
108832,B
108833,A
108834,B
108835,D
108836,A
108837,B
108838,B
108839,A
108840,D
108841,D
108842,B
108843,D
108844,A
108845,A
108846,C
108847,C
108848,C
108849,D
108850,C
108851,B
108852,D
108853,C
108854,A
108855,D
108856,D
108857,D
108858,A
108859,A
108860,C
108861,C
108862,B
108863,B
108864,B
108865,D
108866,B
108867,B
108868,C
108869,C
108870,D
108871,B
108872,D
108873,C
108874,A
108875,B
108876,B
108877,A
108878,B
108879,D
108880,D
108881,A
108882,D
108883,B
108884,C
108885,C
108886,B
108887,D
108888,C
108889,B
108890,C
108891,A
108892,B
108893,B
108894,B
108895,A
108896,C
108897,C
108898,B
108899,A
108900,A
108901,B
108902,D
108903,B
108904,C
108905,B
108906,B
108907,C
108908,A
108909,D
108910,C
108911,A
108912,A
108913,B
108914,B
108915,A
108916,B
108917,B
108918,A
108919,D
108920,B
108921,A
108922,B
108923,D
108924,D
108925,D
108926,C
108927,C
108928,B
108929,B
108930,A
108931,B
108932,D
108933,B
108934,D
108935,D
108936,D
108937,D
108938,B
108939,B
108940,D
108941,C
108942,A
108943,D
108944,A
108945,B
108946,A
108947,B
108948,B
108949,D
108950,B
108951,B
108952,C
108953,C
108954,B
108955,D
108956,A
108957,C
108958,C
108959,A
108960,B
108961,C
108962,B
108963,C
108964,B
108965,B
108966,A
108967,D
108968,B
108969,B
108970,B
108971,B
108972,B
108973,D
108974,C
108975,D
108976,A
108977,D
108978,B
108979,C
108980,D
108981,B
108982,C
108983,A
108984,A
108985,B
108986,C
108987,D
108988,B
108989,A
108990,A
108991,B
108992,B
108993,A
108994,A
108995,B
108996,C
108997,D
108998,C
108999,B
109000,D
109001,D
109002,B
109003,A
109004,B
109005,A
109006,B
109007,D
109008,C
109009,C
109010,B
109011,C
109012,C
109013,D
109014,C
109015,B
109016,C
109017,A
109018,D
109019,B
109020,D
109021,C
109022,D
109023,B
109024,D
109025,B
109026,D
109027,B
109028,D
109029,A
109030,B
109031,D
109032,D
109033,D
109034,A
109035,D
109036,B
109037,D
109038,A
109039,A
109040,B
109041,D
109042,A
109043,D
109044,C
109045,D
109046,A
109047,D
109048,C
109049,B
109050,C
109051,B
109052,B
109053,D
109054,A
109055,A
109056,C
109057,A
109058,C
109059,B
109060,B
109061,B
109062,A
109063,B
109064,A
109065,D
109066,D
109067,A
109068,B
109069,B
109070,A
109071,D
109072,B
109073,D
109074,A
109075,D
109076,A
109077,D
109078,D
109079,C
109080,C
109081,A
109082,C
109083,C
109084,C
109085,A
109086,C
109087,C
109088,C
109089,A
109090,A
109091,B
109092,B
109093,D
109094,D
109095,A
109096,A
109097,C
109098,A
109099,D
109100,C
109101,C
109102,C
109103,D
109104,B
109105,D
109106,B
109107,D
109108,B
109109,D
109110,D
109111,A
109112,C
109113,C
109114,D
109115,A
109116,B
109117,A
109118,D
109119,B
109120,D
109121,A
109122,C
109123,A
109124,C
109125,B
109126,A
109127,D
109128,D
109129,B
109130,A
109131,D
109132,B
109133,B
109134,D
109135,A
109136,A
109137,B
109138,C
109139,B
109140,B
109141,A
109142,A
109143,B
109144,C
109145,B
109146,D
109147,D
109148,B
109149,D
109150,A
109151,A
109152,C
109153,A
109154,B
109155,A
109156,A
109157,C
109158,C
109159,D
109160,C
109161,B
109162,B
109163,B
109164,D
109165,A
109166,D
109167,D
109168,A
109169,B
109170,B
109171,C
109172,D
109173,A
109174,C
109175,A
109176,C
109177,B
109178,D
109179,A
109180,B
109181,D
109182,B
109183,B
109184,A
109185,C
109186,C
109187,B
109188,B
109189,C
109190,D
109191,B
109192,A
109193,D
109194,D
109195,D
109196,B
109197,B
109198,B
109199,A
109200,B
109201,A
109202,A
109203,B
109204,D
109205,A
109206,C
109207,B
109208,D
109209,C
109210,D
109211,B
109212,A
109213,B
109214,B
109215,D
109216,C
109217,A
109218,B
109219,D
109220,A
109221,B
109222,B
109223,A
109224,B
109225,A
109226,B
109227,C
109228,B
109229,A
109230,D
109231,B
109232,C
109233,D
109234,B
109235,C
109236,C
109237,C
109238,C
109239,C
109240,B
109241,C
109242,A
109243,C
109244,A
109245,C
109246,D
109247,D
109248,B
109249,B
109250,A
109251,A
109252,C
109253,C
109254,C
109255,C
109256,A
109257,C
109258,D
109259,A
109260,D
109261,B
109262,C
109263,B
109264,C
109265,D
109266,A
109267,C
109268,C
109269,D
109270,C
109271,C
109272,B
109273,D
109274,A
109275,D
109276,B
109277,B
109278,D
109279,A
109280,B
109281,C
109282,A
109283,B
109284,D
109285,C
109286,B
109287,D
109288,C
109289,C
109290,A
109291,A
109292,A
109293,C
109294,A
109295,D
109296,A
109297,D
109298,C
109299,B
109300,A
109301,C
109302,D
109303,C
109304,B
109305,D
109306,C
109307,B
109308,B
109309,A
109310,D
109311,A
109312,D
109313,B
109314,D
109315,D
109316,D
109317,C
109318,C
109319,A
109320,D
109321,A
109322,B
109323,C
109324,B
109325,B
109326,B
109327,A
109328,C
109329,B
109330,A
109331,A
109332,C
109333,D
109334,C
109335,C
109336,D
109337,D
109338,C
109339,A
109340,B
109341,D
109342,B
109343,D
109344,B
109345,D
109346,A
109347,D
109348,C
109349,B
109350,D
109351,A
109352,B
109353,A
109354,C
109355,B
109356,A
109357,D
109358,D
109359,A
109360,D
109361,A
109362,B
109363,B
109364,B
109365,D
109366,C
109367,A
109368,D
109369,B
109370,C
109371,D
109372,A
109373,A
109374,D
109375,B
109376,A
109377,C
109378,B
109379,C
109380,D
109381,A
109382,B
109383,B
109384,D
109385,B
109386,B
109387,A
109388,A
109389,C
109390,D
109391,D
109392,D
109393,A
109394,A
109395,C
109396,B
109397,A
109398,D
109399,D
109400,B
109401,D
109402,C
109403,B
109404,A
109405,C
109406,B
109407,C
109408,D
109409,B
109410,B
109411,D
109412,A
109413,B
109414,A
109415,D
109416,D
109417,C
109418,C
109419,B
109420,C
109421,C
109422,A
109423,D
109424,B
109425,A
109426,D
109427,C
109428,D
109429,A
109430,C
109431,C
109432,C
109433,B
109434,D
109435,C
109436,B
109437,C
109438,D
109439,C
109440,B
109441,C
109442,D
109443,D
109444,C
109445,A
109446,B
109447,C
109448,C
109449,C
109450,B
109451,C
109452,A
109453,C
109454,B
109455,D
109456,C
109457,B
109458,B
109459,B
109460,A
109461,A
109462,D
109463,D
109464,A
109465,B
109466,B
109467,A
109468,B
109469,C
109470,B
109471,A
109472,B
109473,C
109474,A
109475,A
109476,D
109477,D
109478,C
109479,B
109480,D
109481,C
109482,A
109483,C
109484,D
109485,C
109486,B
109487,D
109488,C
109489,B
109490,D
109491,B
109492,B
109493,B
109494,D
109495,D
109496,B
109497,A
109498,D
109499,A
109500,B
109501,D
109502,D
109503,D
109504,D
109505,C
109506,D
109507,A
109508,D
109509,C
109510,A
109511,C
109512,D
109513,C
109514,D
109515,C
109516,C
109517,C
109518,B
109519,D
109520,C
109521,D
109522,A
109523,B
109524,D
109525,A
109526,C
109527,B
109528,D
109529,C
109530,A
109531,C
109532,B
109533,A
109534,C
109535,A
109536,A
109537,C
109538,B
109539,C
109540,D
109541,A
109542,D
109543,D
109544,C
109545,A
109546,D
109547,C
109548,D
109549,A
109550,B
109551,A
109552,D
109553,D
109554,D
109555,D
109556,B
109557,C
109558,A
109559,C
109560,A
109561,D
109562,C
109563,A
109564,A
109565,C
109566,D
109567,B
109568,B
109569,C
109570,B
109571,A
109572,C
109573,B
109574,D
109575,D
109576,D
109577,B
109578,C
109579,A
109580,B
109581,A
109582,B
109583,D
109584,D
109585,A
109586,B
109587,C
109588,D
109589,A
109590,C
109591,B
109592,A
109593,D
109594,A
109595,B
109596,C
109597,A
109598,D
109599,D
109600,D
109601,A
109602,C
109603,C
109604,A
109605,D
109606,A
109607,A
109608,C
109609,A
109610,B
109611,A
109612,A
109613,D
109614,C
109615,A
109616,A
109617,A
109618,A
109619,B
109620,D
109621,B
109622,A
109623,C
109624,B
109625,C
109626,D
109627,A
109628,D
109629,C
109630,A
109631,D
109632,C
109633,D
109634,A
109635,A
109636,B
109637,B
109638,D
109639,C
109640,D
109641,D
109642,C
109643,A
109644,B
109645,C
109646,A
109647,C
109648,A
109649,A
109650,B
109651,C
109652,D
109653,B
109654,A
109655,D
109656,C
109657,B
109658,D
109659,C
109660,D
109661,A
109662,C
109663,B
109664,D
109665,A
109666,A
109667,A
109668,D
109669,C
109670,A
109671,C
109672,A
109673,A
109674,B
109675,D
109676,C
109677,A
109678,D
109679,C
109680,B
109681,C
109682,C
109683,C
109684,A
109685,C
109686,D
109687,A
109688,D
109689,B
109690,B
109691,A
109692,B
109693,A
109694,B
109695,B
109696,C
109697,B
109698,D
109699,C
109700,B
109701,C
109702,D
109703,A
109704,D
109705,A
109706,A
109707,C
109708,C
109709,A
109710,A
109711,C
109712,B
109713,B
109714,C
109715,A
109716,D
109717,B
109718,D
109719,C
109720,A
109721,B
109722,B
109723,B
109724,D
109725,C
109726,B
109727,D
109728,A
109729,A
109730,C
109731,C
109732,D
109733,C
109734,D
109735,D
109736,B
109737,D
109738,A
109739,A
109740,C
109741,D
109742,A
109743,B
109744,A
109745,A
109746,D
109747,A
109748,C
109749,D
109750,D
109751,C
109752,C
109753,A
109754,D
109755,D
109756,A
109757,D
109758,C
109759,A
109760,B
109761,D
109762,A
109763,D
109764,A
109765,B
109766,B
109767,B
109768,A
109769,B
109770,D
109771,D
109772,D
109773,D
109774,D
109775,C
109776,C
109777,C
109778,B
109779,C
109780,C
109781,A
109782,B
109783,D
109784,A
109785,B
109786,B
109787,D
109788,C
109789,A
109790,C
109791,C
109792,C
109793,D
109794,D
109795,B
109796,D
109797,A
109798,D
109799,C
109800,C
109801,B
109802,C
109803,B
109804,A
109805,B
109806,B
109807,B
109808,B
109809,D
109810,D
109811,A
109812,C
109813,C
109814,C
109815,D
109816,B
109817,C
109818,B
109819,A
109820,C
109821,B
109822,C
109823,C
109824,A
109825,B
109826,B
109827,A
109828,B
109829,A
109830,D
109831,A
109832,D
109833,B
109834,B
109835,C
109836,A
109837,C
109838,C
109839,D
109840,B
109841,B
109842,C
109843,C
109844,B
109845,D
109846,C
109847,B
109848,A
109849,D
109850,B
109851,D
109852,C
109853,B
109854,B
109855,C
109856,B
109857,C
109858,B
109859,C
109860,A
109861,D
109862,C
109863,B
109864,D
109865,B
109866,A
109867,B
109868,C
109869,D
109870,B
109871,D
109872,D
109873,A
109874,D
109875,B
109876,D
109877,A
109878,D
109879,B
109880,B
109881,B
109882,A
109883,A
109884,A
109885,B
109886,D
109887,C
109888,C
109889,D
109890,A
109891,A
109892,C
109893,A
109894,A
109895,D
109896,B
109897,D
109898,C
109899,D
109900,D
109901,C
109902,D
109903,A
109904,D
109905,D
109906,D
109907,B
109908,B
109909,B
109910,A
109911,A
109912,C
109913,A
109914,B
109915,A
109916,C
109917,D
109918,D
109919,C
109920,D
109921,A
109922,D
109923,B
109924,D
109925,B
109926,B
109927,C
109928,A
109929,B
109930,C
109931,D
109932,C
109933,C
109934,C
109935,B
109936,D
109937,C
109938,B
109939,B
109940,D
109941,D
109942,C
109943,D
109944,C
109945,A
109946,C
109947,D
109948,D
109949,C
109950,B
109951,A
109952,C
109953,A
109954,B
109955,A
109956,D
109957,B
109958,B
109959,B
109960,D
109961,B
109962,D
109963,C
109964,A
109965,A
109966,B
109967,B
109968,A
109969,A
109970,C
109971,C
109972,D
109973,A
109974,A
109975,D
109976,D
109977,B
109978,B
109979,A
109980,B
109981,B
109982,B
109983,A
109984,A
109985,A
109986,A
109987,C
109988,C
109989,D
109990,D
109991,C
109992,D
109993,B
109994,D
109995,C
109996,B
109997,A
109998,B
109999,C
110000,B
110001,B
110002,B
110003,D
110004,D
110005,C
110006,D
110007,C
110008,D
110009,B
110010,A
110011,A
110012,A
110013,A
110014,C
110015,D
110016,C
110017,A
110018,A
110019,C
110020,C
110021,C
110022,B
110023,D
110024,A
110025,D
110026,C
110027,A
110028,B
110029,A
110030,B
110031,D
110032,D
110033,D
110034,C
110035,C
110036,D
110037,D
110038,D
110039,C
110040,B
110041,D
110042,B
110043,B
110044,D
110045,B
110046,B
110047,C
110048,B
110049,B
110050,C
110051,B
110052,C
110053,A
110054,A
110055,B
110056,C
110057,C
110058,D
110059,D
110060,C
110061,B
110062,D
110063,B
110064,C
110065,A
110066,A
110067,A
110068,B
110069,D
110070,C
110071,B
110072,A
110073,D
110074,D
110075,C
110076,A
110077,A
110078,A
110079,D
110080,A
110081,C
110082,D
110083,B
110084,D
110085,B
110086,A
110087,C
110088,D
110089,D
110090,C
110091,C
110092,A
110093,A
110094,A
110095,A
110096,C
110097,C
110098,C
110099,D
110100,D
110101,D
110102,C
110103,A
110104,D
110105,D
110106,B
110107,C
110108,C
110109,B
110110,C
110111,B
110112,B
110113,A
110114,A
110115,A
110116,A
110117,C
110118,C
110119,A
110120,A
110121,B
110122,B
110123,D
110124,D
110125,A
110126,A
110127,C
110128,D
110129,B
110130,A
110131,B
110132,B
110133,C
110134,C
110135,C
110136,D
110137,B
110138,C
110139,B
110140,B
110141,C
110142,C
110143,C
110144,B
110145,C
110146,A
110147,A
110148,B
110149,C
110150,D
110151,D
110152,A
110153,D
110154,D
110155,D
110156,D
110157,B
110158,B
110159,A
110160,D
110161,B
110162,A
110163,B
110164,A
110165,D
110166,A
110167,D
110168,C
110169,D
110170,B
110171,B
110172,A
110173,D
110174,B
110175,A
110176,D
110177,B
110178,B
110179,B
110180,C
110181,D
110182,C
110183,A
110184,B
110185,B
110186,B
110187,C
110188,A
110189,A
110190,B
110191,B
110192,D
110193,C
110194,B
110195,B
110196,B
110197,D
110198,C
110199,A
110200,A
110201,C
110202,D
110203,C
110204,C
110205,D
110206,A
110207,C
110208,A
110209,D
110210,A
110211,D
110212,D
110213,B
110214,D
110215,D
110216,D
110217,C
110218,D
110219,D
110220,A
110221,B
110222,D
110223,C
110224,D
110225,C
110226,D
110227,A
110228,C
110229,B
110230,B
110231,D
110232,D
110233,C
110234,D
110235,D
110236,D
110237,A
110238,B
110239,A
110240,D
110241,A
110242,B
110243,A
110244,C
110245,C
110246,A
110247,B
110248,C
110249,C
110250,C
110251,A
110252,C
110253,C
110254,A
110255,D
110256,C
110257,A
110258,D
110259,A
110260,D
110261,C
110262,C
110263,D
110264,B
110265,D
110266,A
110267,C
110268,B
110269,B
110270,C
110271,D
110272,C
110273,B
110274,B
110275,A
110276,B
110277,B
110278,D
110279,A
110280,C
110281,B
110282,B
110283,D
110284,A
110285,D
110286,B
110287,A
110288,B
110289,D
110290,D
110291,C
110292,C
110293,D
110294,B
110295,A
110296,D
110297,C
110298,A
110299,B
110300,A
110301,B
110302,D
110303,A
110304,B
110305,B
110306,D
110307,D
110308,D
110309,D
110310,A
110311,B
110312,D
110313,C
110314,C
110315,C
110316,A
110317,B
110318,B
110319,B
110320,A
110321,C
110322,C
110323,D
110324,A
110325,D
110326,C
110327,A
110328,A
110329,D
110330,D
110331,D
110332,D
110333,B
110334,D
110335,A
110336,C
110337,C
110338,D
110339,B
110340,A
110341,C
110342,C
110343,A
110344,A
110345,C
110346,C
110347,C
110348,C
110349,A
110350,D
110351,A
110352,C
110353,B
110354,B
110355,B
110356,B
110357,A
110358,D
110359,A
110360,B
110361,B
110362,D
110363,B
110364,B
110365,B
110366,B
110367,D
110368,A
110369,D
110370,D
110371,D
110372,C
110373,B
110374,A
110375,C
110376,C
110377,A
110378,D
110379,B
110380,A
110381,A
110382,A
110383,D
110384,C
110385,A
110386,D
110387,D
110388,B
110389,A
110390,D
110391,A
110392,B
110393,A
110394,A
110395,C
110396,D
110397,A
110398,C
110399,A
110400,C
110401,D
110402,B
110403,A
110404,B
110405,A
110406,B
110407,B
110408,A
110409,B
110410,C
110411,C
110412,D
110413,D
110414,B
110415,B
110416,B
110417,C
110418,A
110419,A
110420,C
110421,B
110422,C
110423,B
110424,B
110425,C
110426,B
110427,A
110428,B
110429,A
110430,B
110431,B
110432,C
110433,A
110434,B
110435,A
110436,B
110437,A
110438,B
110439,A
110440,A
110441,D
110442,D
110443,B
110444,D
110445,A
110446,B
110447,B
110448,B
110449,A
110450,A
110451,A
110452,A
110453,B
110454,B
110455,B
110456,A
110457,D
110458,D
110459,C
110460,C
110461,C
110462,D
110463,C
110464,D
110465,C
110466,D
110467,C
110468,A
110469,A
110470,A
110471,A
110472,A
110473,A
110474,C
110475,A
110476,D
110477,B
110478,B
110479,B
110480,B
110481,A
110482,D
110483,A
110484,B
110485,C
110486,D
110487,A
110488,A
110489,A
110490,D
110491,D
110492,C
110493,B
110494,A
110495,A
110496,A
110497,A
110498,A
110499,D
110500,A
110501,D
110502,D
110503,C
110504,C
110505,D
110506,C
110507,C
110508,D
110509,A
110510,B
110511,A
110512,D
110513,C
110514,C
110515,A
110516,B
110517,B
110518,C
110519,C
110520,C
110521,C
110522,A
110523,B
110524,A
110525,D
110526,D
110527,B
110528,D
110529,B
110530,B
110531,A
110532,A
110533,C
110534,A
110535,A
110536,A
110537,B
110538,D
110539,A
110540,C
110541,D
110542,C
110543,A
110544,B
110545,C
110546,B
110547,B
110548,C
110549,A
110550,D
110551,D
110552,C
110553,A
110554,C
110555,B
110556,C
110557,B
110558,D
110559,D
110560,D
110561,D
110562,C
110563,B
110564,C
110565,B
110566,D
110567,D
110568,D
110569,C
110570,D
110571,B
110572,D
110573,A
110574,C
110575,D
110576,A
110577,B
110578,D
110579,D
110580,C
110581,A
110582,B
110583,C
110584,C
110585,A
110586,A
110587,B
110588,D
110589,A
110590,C
110591,D
110592,C
110593,D
110594,D
110595,A
110596,B
110597,C
110598,C
110599,D
110600,C
110601,B
110602,A
110603,C
110604,C
110605,A
110606,D
110607,C
110608,D
110609,D
110610,B
110611,A
110612,A
110613,B
110614,D
110615,B
110616,B
110617,A
110618,D
110619,D
110620,B
110621,C
110622,B
110623,D
110624,B
110625,B
110626,D
110627,A
110628,A
110629,A
110630,B
110631,B
110632,B
